comment_id,post_id,user_id,comment,comment_date
1,435,116,Love this,2025-03-15
2,41,473,Amazing,2025-03-09
3,287,112,Amazing,2024-04-16
4,204,469,Great post,2024-10-09
5,164,469,Great post,2024-07-08
6,169,118,Amazing,2024-10-18
7,369,280,Amazing,2024-04-04
8,119,35,Great post,2024-01-05
9,370,141,Nice pic,2025-05-15
10,182,137,Amazing,2024-02-10
11,244,29,Awesome!,2024-12-25
12,24,474,Awesome!,2024-12-16
13,154,84,Nice pic,2024-05-03
14,224,119,Awesome!,2024-06-23
15,222,96,Nice pic,2024-12-04
16,47,3,Love this,2024-08-15
17,48,306,Nice pic,2025-02-05
18,87,72,Love this,2024-06-03
19,101,235,Awesome!,2024-03-10
20,356,103,Amazing,2024-06-09
21,280,93,Nice pic,2024-01-14
22,124,130,Great post,2025-01-01
23,416,275,Nice pic,2024-11-22
24,133,114,Nice pic,2025-01-17
25,248,54,Love this,2024-07-31
26,225,370,Amazing,2024-06-12
27,82,170,Nice pic,2024-08-06
28,220,200,Awesome!,2024-12-26
29,135,344,Amazing,2024-09-27
30,303,44,Great post,2024-06-09
31,276,356,Great post,2024-10-11
32,494,288,Nice pic,2024-11-30
33,148,87,Amazing,2024-10-16
34,226,280,Great post,2024-08-05
35,378,302,Love this,2025-03-16
36,166,361,Love this,2024-05-28
37,68,128,Great post,2024-12-30
38,451,394,Awesome!,2024-07-25
39,408,274,Amazing,2024-04-21
40,321,402,Amazing,2024-01-09
41,449,141,Awesome!,2024-12-01
42,1,110,Amazing,2024-02-09
43,197,46,Awesome!,2024-02-22
44,110,322,Great post,2025-04-15
45,127,142,Awesome!,2024-05-07
46,402,460,Great post,2024-09-10
47,280,350,Great post,2025-01-25
48,257,393,Amazing,2024-08-04
49,301,325,Awesome!,2024-06-07
50,380,337,Great post,2024-03-02
51,448,138,Awesome!,2025-01-29
52,256,440,Nice pic,2024-03-26
53,197,472,Great post,2024-04-01
54,258,345,Awesome!,2024-04-01
55,103,150,Nice pic,2025-02-05
56,278,178,Awesome!,2025-05-01
57,48,23,Great post,2025-04-04
58,340,494,Great post,2024-05-01
59,55,85,Amazing,2024-08-26
60,357,309,Awesome!,2024-04-20
61,438,232,Nice pic,2025-01-18
62,323,481,Awesome!,2024-10-25
63,26,87,Nice pic,2024-08-09
64,318,316,Great post,2024-11-27
65,279,407,Awesome!,2024-07-14
66,16,459,Love this,2024-01-30
67,113,295,Amazing,2024-06-30
68,289,73,Nice pic,2025-04-30
69,245,1,Love this,2025-04-14
70,192,361,Amazing,2024-10-27
71,476,315,Love this,2024-04-24
72,163,472,Nice pic,2024-04-23
73,136,108,Great post,2024-12-20
74,193,52,Amazing,2025-02-07
75,38,176,Great post,2025-03-30
76,85,311,Amazing,2024-03-21
77,26,202,Nice pic,2024-10-08
78,88,327,Love this,2025-05-15
79,454,196,Love this,2024-04-05
80,212,498,Nice pic,2024-04-26
81,463,438,Awesome!,2024-09-14
82,217,41,Amazing,2024-04-13
83,448,7,Nice pic,2024-10-27
84,445,275,Love this,2025-03-25
85,456,451,Love this,2024-12-19
86,117,69,Love this,2025-05-13
87,445,192,Awesome!,2024-09-20
88,234,26,Love this,2024-12-26
89,243,301,Nice pic,2024-06-28
90,138,334,Amazing,2024-09-19
91,157,365,Love this,2024-08-04
92,340,495,Love this,2024-10-14
93,265,392,Great post,2025-04-05
94,378,19,Nice pic,2024-12-28
95,449,286,Great post,2024-05-30
96,158,216,Love this,2024-07-09
97,445,349,Amazing,2024-09-28
98,250,171,Great post,2024-06-09
99,207,220,Amazing,2024-07-15
100,450,177,Love this,2024-03-07
101,352,69,Love this,2025-04-06
102,64,188,Awesome!,2024-07-11
103,195,64,Nice pic,2024-05-09
104,215,426,Awesome!,2024-09-18
105,152,83,Awesome!,2024-10-07
106,47,400,Nice pic,2024-02-08
107,347,161,Amazing,2025-01-13
108,48,191,Love this,2024-04-03
109,82,54,Amazing,2025-04-11
110,250,58,Amazing,2024-08-13
111,373,128,Amazing,2024-06-26
112,39,385,Amazing,2024-06-13
113,230,46,Amazing,2024-08-16
114,288,106,Amazing,2025-05-01
115,59,50,Great post,2024-01-02
116,381,370,Amazing,2024-02-24
117,325,429,Nice pic,2024-03-04
118,261,400,Great post,2024-12-20
119,494,176,Love this,2024-08-19
120,366,149,Love this,2025-04-16
121,483,342,Amazing,2024-12-11
122,385,403,Great post,2024-05-26
123,381,332,Nice pic,2024-07-18
124,104,318,Amazing,2025-02-28
125,96,493,Great post,2025-01-11
126,80,21,Great post,2025-04-20
127,490,95,Nice pic,2024-02-04
128,386,317,Nice pic,2024-08-31
129,408,484,Awesome!,2024-07-16
130,43,486,Awesome!,2024-03-26
131,450,500,Amazing,2024-11-27
132,295,421,Great post,2025-04-11
133,300,24,Awesome!,2024-07-02
134,274,113,Great post,2025-01-17
135,22,3,Nice pic,2024-11-01
136,428,130,Great post,2024-02-28
137,250,488,Love this,2024-07-01
138,79,290,Nice pic,2024-07-05
139,170,450,Amazing,2024-08-24
140,454,321,Awesome!,2025-01-07
141,277,242,Great post,2024-07-06
142,435,494,Nice pic,2024-12-16
143,21,113,Amazing,2024-04-28
144,496,267,Love this,2025-03-03
145,115,265,Amazing,2024-06-29
146,109,77,Great post,2024-03-21
147,427,211,Awesome!,2024-05-04
148,289,327,Awesome!,2025-03-25
149,407,299,Great post,2024-11-15
150,268,441,Nice pic,2024-12-16
151,338,67,Nice pic,2024-10-03
152,196,180,Nice pic,2025-02-15
153,210,132,Great post,2024-01-03
154,334,300,Love this,2024-05-13
155,248,130,Love this,2024-10-22
156,174,411,Nice pic,2024-11-10
157,41,312,Awesome!,2025-01-05
158,436,337,Nice pic,2024-05-26
159,400,205,Love this,2024-12-08
160,142,116,Nice pic,2025-05-08
161,412,263,Love this,2025-03-24
162,442,15,Amazing,2024-02-29
163,48,205,Love this,2024-02-08
164,124,447,Love this,2024-04-15
165,435,247,Love this,2024-11-13
166,66,28,Nice pic,2025-02-13
167,5,7,Great post,2024-07-13
168,218,108,Amazing,2024-12-24
169,285,222,Amazing,2024-04-10
170,154,129,Nice pic,2025-03-15
171,185,287,Nice pic,2025-04-22
172,262,250,Amazing,2025-03-31
173,465,37,Awesome!,2024-03-23
174,231,212,Great post,2024-04-04
175,395,204,Nice pic,2025-01-26
176,88,15,Awesome!,2024-12-05
177,384,326,Nice pic,2024-08-10
178,156,6,Awesome!,2024-09-24
179,306,119,Awesome!,2024-10-07
180,321,123,Nice pic,2025-01-26
181,149,57,Amazing,2024-11-12
182,367,225,Awesome!,2024-04-29
183,398,201,Awesome!,2024-10-05
184,102,236,Awesome!,2024-09-23
185,153,102,Love this,2025-03-30
186,5,497,Awesome!,2024-10-24
187,331,79,Nice pic,2025-02-09
188,21,249,Amazing,2024-10-13
189,80,231,Love this,2025-02-23
190,33,338,Nice pic,2025-02-23
191,23,428,Great post,2024-04-01
192,188,114,Nice pic,2025-01-02
193,407,363,Awesome!,2025-02-25
194,99,270,Great post,2024-10-18
195,86,406,Great post,2024-10-08
196,166,312,Great post,2024-10-15
197,266,70,Love this,2024-01-04
198,80,71,Love this,2024-07-06
199,89,250,Nice pic,2025-02-23
200,62,446,Great post,2025-01-17
201,114,79,Awesome!,2024-12-10
202,293,382,Awesome!,2024-10-07
203,377,269,Great post,2024-05-04
204,336,13,Love this,2024-03-27
205,437,44,Awesome!,2025-01-13
206,379,276,Great post,2024-04-14
207,88,31,Love this,2024-04-12
208,333,198,Great post,2024-07-13
209,473,272,Love this,2024-06-19
210,456,418,Awesome!,2025-04-28
211,294,79,Amazing,2025-05-11
212,221,466,Great post,2024-12-01
213,212,493,Amazing,2024-06-04
214,314,119,Nice pic,2024-04-28
215,84,99,Great post,2024-01-17
216,251,353,Love this,2025-03-19
217,269,329,Awesome!,2024-09-23
218,493,26,Great post,2024-05-29
219,331,232,Awesome!,2025-01-04
220,459,104,Amazing,2024-02-16
221,500,262,Nice pic,2025-05-01
222,27,215,Love this,2024-06-07
223,256,279,Awesome!,2024-11-07
224,322,286,Great post,2024-01-26
225,92,83,Love this,2024-11-08
226,195,420,Awesome!,2025-01-23
227,314,30,Awesome!,2024-10-19
228,315,289,Amazing,2024-09-23
229,61,378,Great post,2025-02-13
230,282,166,Awesome!,2024-02-28
231,331,70,Amazing,2024-03-20
232,10,107,Nice pic,2024-12-16
233,200,96,Nice pic,2024-02-29
234,155,90,Awesome!,2024-07-10
235,376,448,Nice pic,2024-06-07
236,478,23,Nice pic,2025-03-22
237,273,164,Amazing,2024-12-09
238,483,361,Love this,2024-10-20
239,45,219,Amazing,2024-04-01
240,473,387,Amazing,2024-10-17
241,459,316,Love this,2025-04-12
242,88,145,Love this,2024-11-05
243,123,318,Great post,2024-10-07
244,343,40,Nice pic,2025-03-04
245,306,395,Amazing,2024-06-16
246,200,316,Nice pic,2024-08-16
247,207,434,Great post,2025-03-12
248,303,202,Love this,2024-12-30
249,65,69,Awesome!,2024-02-06
250,320,93,Amazing,2024-09-17
251,475,280,Nice pic,2024-07-06
252,399,144,Amazing,2024-09-21
253,274,399,Awesome!,2024-08-28
254,306,384,Love this,2025-01-07
255,259,40,Love this,2024-05-09
256,134,401,Great post,2024-09-05
257,372,327,Great post,2024-04-17
258,350,362,Amazing,2024-08-30
259,327,182,Amazing,2024-11-08
260,302,395,Great post,2024-09-23
261,372,146,Love this,2024-04-08
262,392,461,Nice pic,2025-02-15
263,400,38,Love this,2025-02-01
264,56,74,Nice pic,2025-01-28
265,255,77,Awesome!,2025-04-22
266,400,416,Awesome!,2024-10-03
267,491,332,Awesome!,2024-07-06
268,200,459,Awesome!,2024-11-18
269,277,330,Love this,2024-09-12
270,342,268,Amazing,2025-04-26
271,317,24,Great post,2024-12-25
272,410,316,Great post,2024-02-02
273,304,89,Love this,2024-02-02
274,324,314,Amazing,2025-02-02
275,106,74,Love this,2024-09-24
276,286,121,Great post,2024-03-01
277,77,351,Amazing,2024-09-11
278,474,276,Great post,2024-03-21
279,57,167,Great post,2024-02-20
280,199,192,Great post,2024-08-22
281,235,215,Great post,2025-01-24
282,111,303,Amazing,2025-03-04
283,21,241,Nice pic,2024-01-18
284,68,184,Love this,2024-05-02
285,447,190,Amazing,2024-12-26
286,107,404,Awesome!,2024-11-13
287,287,361,Awesome!,2024-10-14
288,460,137,Nice pic,2024-12-14
289,232,318,Love this,2025-02-13
290,58,357,Great post,2024-09-11
291,331,11,Love this,2024-04-06
292,228,235,Love this,2024-10-17
293,86,317,Great post,2024-12-30
294,106,288,Awesome!,2024-12-06
295,80,3,Nice pic,2025-05-14
296,461,21,Great post,2024-12-13
297,401,480,Love this,2024-04-10
298,185,204,Great post,2025-01-01
299,412,227,Love this,2024-03-24
300,478,492,Nice pic,2025-01-22
301,149,284,Amazing,2024-01-22
302,428,326,Amazing,2024-03-04
303,290,224,Love this,2024-11-17
304,237,450,Great post,2024-07-01
305,307,386,Great post,2024-10-05
306,7,71,Nice pic,2024-05-24
307,365,283,Awesome!,2024-08-01
308,176,89,Love this,2024-01-15
309,397,248,Amazing,2024-01-22
310,401,64,Nice pic,2024-04-15
311,257,400,Nice pic,2024-05-03
312,372,51,Great post,2025-04-16
313,117,209,Awesome!,2025-01-24
314,146,234,Nice pic,2025-01-11
315,346,252,Awesome!,2024-07-21
316,305,433,Amazing,2024-03-03
317,249,262,Love this,2024-03-16
318,14,498,Great post,2024-07-14
319,255,252,Nice pic,2024-05-13
320,19,17,Great post,2024-10-12
321,338,284,Nice pic,2024-10-19
322,146,165,Awesome!,2024-01-15
323,339,126,Great post,2024-04-30
324,217,291,Nice pic,2025-04-06
325,106,173,Amazing,2024-09-14
326,153,294,Amazing,2025-02-15
327,408,40,Love this,2024-09-15
328,322,361,Nice pic,2025-03-17
329,187,237,Great post,2024-05-03
330,147,331,Great post,2024-05-11
331,332,464,Awesome!,2024-04-13
332,153,444,Awesome!,2025-04-06
333,268,341,Nice pic,2025-05-01
334,381,121,Amazing,2024-04-21
335,217,244,Great post,2025-05-08
336,404,344,Great post,2024-05-09
337,470,131,Love this,2024-02-16
338,482,252,Amazing,2025-01-12
339,233,356,Awesome!,2025-01-25
340,265,366,Great post,2025-03-09
341,189,94,Amazing,2025-03-24
342,437,87,Awesome!,2024-07-24
343,366,105,Great post,2025-04-29
344,210,406,Great post,2024-01-15
345,499,355,Amazing,2024-12-17
346,311,481,Nice pic,2024-12-29
347,134,87,Nice pic,2024-09-09
348,428,144,Love this,2025-04-19
349,473,337,Amazing,2024-01-28
350,288,249,Amazing,2024-09-09
351,340,300,Great post,2024-10-25
352,63,202,Love this,2024-10-29
353,3,169,Awesome!,2024-12-01
354,309,196,Awesome!,2024-07-23
355,252,411,Amazing,2025-01-11
356,244,138,Nice pic,2024-11-03
357,332,352,Great post,2025-04-21
358,154,431,Great post,2024-09-24
359,182,131,Nice pic,2024-02-11
360,371,233,Amazing,2024-11-15
361,3,203,Awesome!,2024-01-07
362,45,65,Great post,2024-01-08
363,155,395,Amazing,2024-03-16
364,425,427,Amazing,2024-01-27
365,263,303,Nice pic,2025-04-23
366,60,254,Nice pic,2025-04-25
367,351,174,Nice pic,2025-03-12
368,384,45,Amazing,2024-03-07
369,82,90,Nice pic,2024-01-17
370,78,437,Nice pic,2024-11-05
371,54,86,Awesome!,2025-03-21
372,63,435,Great post,2024-08-12
373,341,126,Great post,2025-01-20
374,395,6,Nice pic,2025-04-28
375,215,206,Nice pic,2025-03-23
376,320,404,Nice pic,2024-11-29
377,146,110,Awesome!,2024-09-18
378,259,57,Awesome!,2025-03-06
379,298,290,Nice pic,2025-03-08
380,422,399,Love this,2024-08-20
381,270,207,Nice pic,2024-10-13
382,66,249,Amazing,2024-03-07
383,57,62,Love this,2024-10-19
384,458,157,Love this,2024-04-20
385,173,401,Amazing,2024-08-31
386,320,341,Nice pic,2024-07-28
387,396,363,Love this,2024-10-14
388,10,62,Nice pic,2024-04-02
389,479,12,Love this,2024-08-11
390,394,46,Great post,2024-06-06
391,166,133,Amazing,2025-04-27
392,238,284,Amazing,2024-02-03
393,209,229,Awesome!,2025-03-09
394,238,493,Nice pic,2024-05-28
395,262,145,Awesome!,2024-03-23
396,163,453,Love this,2024-11-21
397,2,312,Amazing,2024-01-03
398,181,498,Amazing,2025-02-27
399,349,472,Love this,2024-04-08
400,101,421,Amazing,2024-02-26
401,382,34,Great post,2024-05-12
402,2,481,Amazing,2024-11-24
403,23,453,Great post,2024-01-25
404,491,39,Great post,2024-04-10
405,243,123,Love this,2025-03-02
406,470,18,Amazing,2024-06-09
407,151,436,Amazing,2024-07-24
408,481,346,Awesome!,2024-08-20
409,216,247,Nice pic,2024-08-15
410,76,241,Love this,2024-11-04
411,103,328,Great post,2025-02-06
412,84,54,Amazing,2025-03-24
413,193,106,Amazing,2024-04-04
414,16,102,Great post,2024-05-25
415,71,195,Awesome!,2024-06-22
416,474,67,Great post,2024-04-08
417,28,323,Love this,2025-03-22
418,452,331,Nice pic,2024-07-10
419,472,405,Nice pic,2024-11-28
420,44,69,Awesome!,2024-05-31
421,163,140,Amazing,2024-01-13
422,51,61,Awesome!,2024-07-03
423,386,367,Nice pic,2025-04-12
424,77,444,Amazing,2024-04-26
425,220,395,Amazing,2024-04-17
426,215,218,Amazing,2025-01-25
427,294,444,Amazing,2024-07-14
428,346,284,Great post,2024-01-17
429,189,266,Awesome!,2024-03-28
430,159,222,Amazing,2024-03-22
431,270,169,Nice pic,2025-03-26
432,422,415,Great post,2024-07-31
433,446,81,Love this,2025-03-27
434,400,167,Amazing,2024-08-18
435,204,20,Awesome!,2024-05-08
436,143,431,Great post,2024-03-28
437,92,111,Awesome!,2025-04-02
438,393,104,Great post,2024-07-10
439,23,213,Nice pic,2024-02-25
440,89,8,Amazing,2024-11-30
441,256,53,Nice pic,2025-02-09
442,326,390,Love this,2025-05-15
443,316,389,Awesome!,2024-06-07
444,122,473,Nice pic,2025-04-29
445,106,277,Awesome!,2025-04-09
446,36,489,Great post,2024-01-27
447,240,160,Great post,2025-01-04
448,185,204,Amazing,2024-03-26
449,79,284,Great post,2024-05-11
450,442,257,Love this,2024-09-08
451,290,84,Great post,2025-01-25
452,377,127,Great post,2024-09-01
453,340,431,Great post,2024-01-07
454,219,130,Love this,2024-09-13
455,177,417,Great post,2024-05-17
456,336,148,Amazing,2024-03-28
457,94,415,Great post,2024-05-12
458,16,300,Great post,2024-09-01
459,267,493,Love this,2025-04-22
460,30,500,Love this,2025-03-23
461,317,352,Amazing,2024-09-20
462,205,379,Nice pic,2025-02-10
463,402,439,Nice pic,2024-01-17
464,109,88,Awesome!,2024-02-24
465,325,372,Amazing,2024-02-16
466,224,414,Great post,2024-04-24
467,296,378,Awesome!,2024-06-08
468,55,203,Awesome!,2024-10-02
469,159,258,Awesome!,2024-05-20
470,479,415,Great post,2024-12-24
471,348,243,Love this,2025-01-22
472,28,436,Love this,2024-08-22
473,439,295,Awesome!,2024-12-13
474,304,223,Great post,2024-11-17
475,408,344,Awesome!,2025-02-02
476,301,294,Nice pic,2024-09-02
477,33,366,Nice pic,2024-04-04
478,107,495,Awesome!,2024-04-02
479,436,386,Awesome!,2024-02-13
480,296,252,Love this,2024-09-24
481,303,184,Love this,2024-03-06
482,74,275,Great post,2024-02-06
483,162,404,Amazing,2024-07-13
484,171,399,Love this,2024-03-15
485,414,251,Awesome!,2024-09-27
486,348,496,Nice pic,2024-10-09
487,377,137,Awesome!,2025-04-15
488,488,220,Nice pic,2025-04-27
489,484,48,Great post,2024-10-21
490,455,273,Awesome!,2024-07-26
491,22,311,Amazing,2025-05-08
492,88,192,Awesome!,2024-06-22
493,473,157,Nice pic,2025-02-26
494,456,370,Great post,2024-07-24
495,129,116,Amazing,2024-07-21
496,3,184,Great post,2024-02-26
497,282,254,Great post,2024-06-15
498,393,351,Great post,2024-01-27
499,96,128,Love this,2025-01-27
500,97,438,Nice pic,2024-11-18
