like_id,post_id,user_id,like_date
1,363,74,2025-02-16
2,190,48,2024-10-01
3,446,465,2024-06-19
4,165,398,2024-05-24
5,161,212,2024-01-24
6,427,126,2024-09-12
7,470,456,2024-10-04
8,112,259,2024-08-21
9,147,9,2024-09-14
10,192,492,2024-07-26
11,88,43,2024-09-12
12,474,144,2025-04-05
13,291,428,2025-03-10
14,310,394,2024-11-10
15,195,44,2025-01-30
16,185,390,2024-05-18
17,167,443,2024-07-16
18,138,253,2024-03-15
19,156,4,2025-04-30
20,91,494,2024-07-22
21,488,373,2024-08-24
22,217,405,2024-07-12
23,469,44,2024-02-25
24,266,286,2024-10-24
25,472,493,2024-02-13
26,35,154,2024-01-23
27,491,237,2024-04-28
28,110,106,2024-05-22
29,495,328,2024-06-09
30,61,123,2024-06-05
31,86,251,2024-05-27
32,254,210,2024-12-16
33,381,396,2025-01-27
34,53,377,2025-02-28
35,364,313,2024-11-19
36,294,137,2025-05-02
37,165,425,2024-05-06
38,264,384,2024-05-22
39,496,220,2025-02-26
40,64,476,2025-03-15
41,185,129,2024-02-12
42,68,304,2024-04-25
43,161,189,2025-03-27
44,211,316,2024-12-17
45,284,308,2024-11-03
46,198,58,2024-05-03
47,242,489,2025-01-29
48,360,206,2024-02-12
49,358,224,2025-01-08
50,7,363,2024-03-11
51,461,16,2024-06-20
52,189,81,2024-05-10
53,477,492,2025-03-15
54,115,412,2024-09-21
55,156,379,2024-11-14
56,172,1,2025-01-23
57,433,267,2024-07-30
58,150,134,2025-03-11
59,161,209,2024-03-02
60,428,439,2024-06-16
61,282,128,2024-02-18
62,301,133,2025-04-14
63,421,371,2024-07-21
64,152,256,2024-07-29
65,401,366,2024-07-02
66,415,242,2024-09-28
67,479,430,2025-03-08
68,97,429,2025-02-18
69,315,104,2025-02-16
70,52,173,2024-06-03
71,341,302,2025-02-21
72,328,290,2024-02-23
73,35,180,2024-05-11
74,443,296,2024-11-29
75,193,83,2025-01-09
76,28,52,2024-06-18
77,431,252,2024-03-19
78,42,243,2025-03-08
79,229,23,2024-05-14
80,284,32,2025-03-06
81,293,462,2024-09-21
82,422,322,2024-03-16
83,268,401,2024-08-02
84,211,136,2024-07-15
85,122,26,2025-01-16
86,381,227,2025-01-31
87,406,82,2024-02-03
88,102,141,2024-07-07
89,177,84,2025-03-04
90,11,443,2025-02-03
91,459,193,2025-03-12
92,332,305,2024-11-07
93,30,413,2025-03-14
94,293,418,2024-04-07
95,50,242,2024-03-06
96,134,300,2024-05-30
97,153,212,2024-01-28
98,325,30,2024-01-03
99,3,20,2024-09-30
100,53,197,2024-09-14
101,251,184,2025-01-19
102,449,328,2024-05-10
103,243,360,2024-03-19
104,369,317,2024-03-01
105,255,467,2024-04-16
106,371,371,2024-02-21
107,60,49,2025-03-11
108,59,206,2024-07-23
109,303,248,2025-02-14
110,24,33,2024-05-13
111,340,347,2024-11-24
112,124,170,2025-05-11
113,162,61,2024-09-11
114,175,187,2025-02-26
115,175,182,2025-02-28
116,131,313,2024-04-10
117,396,457,2024-08-18
118,297,89,2025-01-09
119,413,69,2024-03-11
120,345,68,2024-12-29
121,383,458,2025-03-06
122,350,129,2024-03-15
123,122,262,2025-02-05
124,116,467,2024-11-20
125,264,62,2024-07-12
126,166,306,2024-01-27
127,403,259,2024-03-22
128,288,422,2025-01-20
129,132,277,2025-01-05
130,498,490,2025-01-30
131,419,482,2024-02-06
132,133,209,2024-07-17
133,476,258,2024-02-24
134,201,408,2025-02-12
135,202,276,2024-10-07
136,93,344,2025-02-13
137,66,344,2024-12-01
138,414,162,2025-05-05
139,229,184,2025-01-31
140,39,457,2024-01-10
141,201,115,2025-04-01
142,85,388,2024-09-20
143,33,136,2024-07-08
144,380,135,2024-10-23
145,419,445,2024-06-25
146,186,309,2025-01-02
147,23,66,2024-10-20
148,369,373,2024-12-04
149,338,262,2024-05-15
150,215,424,2024-03-17
151,424,1,2025-04-04
152,380,465,2025-01-24
153,364,381,2025-02-08
154,438,275,2024-08-04
155,177,397,2024-12-27
156,357,351,2024-12-27
157,197,477,2024-07-24
158,100,18,2025-02-05
159,203,208,2024-10-27
160,100,233,2025-04-21
161,276,417,2025-02-10
162,133,35,2024-07-14
163,284,477,2024-04-01
164,118,104,2025-03-03
165,162,253,2025-04-04
166,217,245,2025-04-26
167,298,52,2024-06-15
168,386,191,2024-07-05
169,75,410,2025-05-06
170,291,25,2024-07-22
171,415,132,2024-06-25
172,41,196,2024-11-10
173,176,117,2024-06-09
174,438,12,2024-03-05
175,43,54,2024-05-14
176,183,441,2025-04-13
177,269,328,2024-11-23
178,418,389,2025-03-10
179,192,97,2024-07-29
180,410,466,2024-11-09
181,232,140,2024-12-24
182,47,78,2024-01-08
183,241,93,2024-04-08
184,341,107,2024-08-30
185,27,443,2024-12-07
186,402,354,2024-08-31
187,55,65,2024-09-06
188,151,278,2024-12-22
189,135,278,2024-07-06
190,199,98,2024-09-25
191,448,17,2024-04-13
192,37,7,2025-04-21
193,316,137,2024-09-27
194,321,486,2024-04-01
195,206,259,2024-06-21
196,280,110,2024-07-11
197,154,114,2024-04-19
198,456,299,2024-05-07
199,465,49,2024-10-31
200,335,435,2024-11-04
201,375,202,2025-05-12
202,205,135,2024-02-13
203,37,137,2025-02-01
204,180,316,2025-02-24
205,28,125,2025-04-30
206,280,268,2025-01-19
207,405,357,2024-11-12
208,261,364,2024-02-20
209,251,202,2025-01-16
210,285,486,2024-05-23
211,160,466,2024-11-05
212,478,290,2025-04-14
213,227,382,2025-04-23
214,119,352,2024-01-14
215,210,392,2025-05-11
216,235,455,2024-05-06
217,56,232,2024-08-21
218,226,204,2025-03-28
219,257,58,2024-04-02
220,129,166,2024-12-20
221,82,194,2024-10-08
222,374,394,2025-05-07
223,452,253,2024-05-01
224,95,76,2024-01-29
225,339,355,2024-12-24
226,219,432,2024-10-08
227,374,323,2024-09-27
228,374,324,2024-09-11
229,316,213,2024-07-30
230,352,171,2024-06-23
231,322,236,2025-04-01
232,170,410,2025-04-14
233,443,401,2025-01-19
234,402,20,2025-02-02
235,398,168,2024-03-14
236,45,171,2024-08-27
237,61,140,2024-03-17
238,126,88,2024-02-06
239,361,306,2025-04-01
240,68,48,2025-02-20
241,187,201,2024-04-03
242,295,66,2024-09-17
243,82,499,2024-09-03
244,250,59,2024-10-30
245,254,331,2024-12-04
246,101,106,2024-12-14
247,151,32,2024-07-08
248,196,208,2024-07-14
249,332,9,2024-03-14
250,218,283,2025-02-23
251,18,20,2024-10-17
252,41,268,2025-03-31
253,233,263,2025-04-08
254,402,289,2024-05-13
255,68,316,2024-05-23
256,93,410,2024-09-27
257,296,376,2025-03-07
258,135,75,2024-09-28
259,471,334,2025-03-15
260,173,347,2024-12-19
261,18,13,2024-11-13
262,496,95,2025-04-03
263,32,196,2024-07-17
264,221,112,2024-11-10
265,20,341,2024-07-18
266,116,2,2024-07-15
267,274,437,2025-05-06
268,353,184,2024-09-06
269,274,495,2025-03-03
270,348,446,2025-03-23
271,333,67,2024-01-08
272,412,104,2024-08-06
273,62,141,2024-03-13
274,81,9,2025-03-26
275,231,211,2024-05-02
276,272,49,2024-11-12
277,91,82,2024-12-09
278,403,15,2024-09-05
279,122,378,2024-07-30
280,369,100,2024-11-19
281,176,113,2025-03-29
282,237,143,2024-01-08
283,218,272,2024-07-20
284,332,47,2024-01-09
285,325,1,2025-03-16
286,451,172,2025-01-11
287,364,397,2024-04-14
288,217,142,2024-01-28
289,345,485,2024-12-20
290,78,448,2024-04-14
291,33,12,2025-03-22
292,68,460,2025-02-08
293,275,147,2024-04-03
294,163,177,2024-03-16
295,260,170,2024-11-27
296,283,60,2024-06-06
297,12,43,2024-10-02
298,438,219,2024-07-08
299,413,373,2025-05-11
300,193,46,2024-01-04
301,422,424,2024-06-03
302,335,341,2025-04-02
303,352,244,2025-05-13
304,84,28,2024-05-19
305,166,447,2024-06-10
306,191,399,2024-09-05
307,236,470,2024-02-09
308,382,418,2024-03-01
309,101,56,2024-01-17
310,301,462,2024-04-12
311,259,292,2024-02-04
312,259,436,2024-12-28
313,161,64,2024-08-26
314,160,352,2025-05-14
315,225,268,2024-12-03
316,120,430,2024-08-05
317,394,233,2024-02-25
318,310,348,2024-06-16
319,278,176,2025-02-18
320,338,441,2025-02-03
321,241,244,2024-10-14
322,303,24,2024-03-06
323,332,160,2024-10-30
324,216,137,2024-01-11
325,416,392,2024-12-07
326,116,320,2025-01-15
327,412,154,2024-08-09
328,96,296,2024-09-12
329,78,383,2024-12-16
330,352,308,2024-04-30
331,82,140,2024-03-10
332,490,209,2025-04-04
333,397,477,2024-09-25
334,74,55,2024-03-30
335,143,451,2025-02-05
336,283,197,2024-06-07
337,480,422,2025-01-22
338,212,475,2025-03-06
339,27,329,2024-11-24
340,305,352,2024-07-29
341,194,484,2025-03-03
342,317,220,2024-11-03
343,442,417,2025-02-04
344,149,500,2024-05-14
345,109,366,2024-07-15
346,384,415,2024-01-24
347,477,174,2025-03-25
348,221,145,2025-04-07
349,97,77,2024-01-28
350,58,434,2025-01-03
351,498,3,2024-09-26
352,476,488,2024-02-24
353,319,487,2024-08-19
354,131,92,2024-05-02
355,413,472,2024-06-07
356,217,47,2025-01-22
357,254,270,2024-11-18
358,219,152,2024-10-18
359,394,258,2024-01-09
360,414,136,2024-06-23
361,88,336,2024-09-01
362,98,58,2025-02-21
363,243,217,2024-01-12
364,171,5,2024-02-22
365,348,464,2025-02-22
366,331,178,2024-08-17
367,432,367,2024-12-02
368,89,103,2024-03-21
369,414,33,2024-06-21
370,343,54,2024-12-27
371,106,467,2024-07-04
372,497,213,2025-01-28
373,386,272,2024-08-03
374,36,44,2024-06-22
375,156,370,2025-01-15
376,227,358,2024-06-25
377,283,160,2024-09-23
378,191,133,2024-11-17
379,305,120,2024-06-28
380,51,76,2024-12-30
381,266,399,2024-07-21
382,496,361,2024-09-19
383,149,21,2024-09-24
384,94,420,2025-01-13
385,428,369,2025-03-02
386,199,120,2025-04-05
387,331,64,2024-11-25
388,493,10,2024-05-20
389,93,213,2024-01-13
390,488,209,2024-12-13
391,424,461,2024-03-02
392,248,15,2024-07-27
393,326,257,2024-04-14
394,335,498,2024-03-26
395,379,274,2024-10-15
396,134,386,2024-12-28
397,462,5,2024-12-10
398,308,184,2024-07-17
399,47,418,2024-11-10
400,446,143,2024-10-18
401,478,292,2025-03-14
402,345,483,2024-11-28
403,143,471,2024-08-03
404,85,169,2024-06-08
405,28,421,2024-06-19
406,456,435,2024-12-21
407,50,317,2025-01-20
408,265,169,2024-10-27
409,96,125,2024-03-11
410,176,150,2024-07-07
411,36,175,2024-04-06
412,405,467,2024-01-22
413,423,4,2024-07-04
414,90,113,2025-03-29
415,480,108,2024-06-05
416,273,194,2024-12-21
417,65,436,2024-09-17
418,256,266,2024-08-25
419,19,107,2024-04-22
420,228,266,2024-06-29
421,92,227,2024-04-29
422,20,280,2024-04-12
423,134,5,2025-01-29
424,117,371,2025-01-18
425,225,231,2025-03-12
426,399,354,2024-10-02
427,105,486,2024-07-19
428,424,353,2024-11-04
429,168,441,2025-04-10
430,310,295,2025-04-25
431,252,236,2024-08-24
432,128,92,2025-04-05
433,322,276,2024-05-29
434,85,130,2024-04-16
435,59,364,2025-04-14
436,430,10,2024-11-06
437,346,273,2024-04-20
438,466,123,2024-04-12
439,418,168,2024-06-14
440,162,7,2024-07-18
441,473,436,2024-10-18
442,436,342,2024-09-03
443,122,378,2024-08-07
444,228,379,2025-03-25
445,470,341,2024-05-07
446,325,73,2025-04-25
447,102,126,2024-08-05
448,242,226,2024-08-04
449,195,238,2024-06-05
450,208,474,2024-07-31
451,224,491,2024-05-10
452,18,472,2025-02-20
453,60,395,2024-02-17
454,496,273,2024-12-03
455,384,108,2025-04-21
456,91,192,2024-04-05
457,462,447,2024-07-28
458,249,345,2025-01-24
459,249,243,2025-01-22
460,170,413,2024-02-21
461,212,339,2024-04-06
462,42,179,2024-08-07
463,66,255,2025-02-11
464,223,367,2024-01-15
465,408,355,2024-06-19
466,133,60,2024-05-28
467,32,303,2024-10-01
468,437,236,2024-06-10
469,435,362,2024-10-20
470,377,27,2025-04-17
471,201,201,2024-02-06
472,336,84,2024-10-22
473,403,440,2024-03-16
474,370,207,2024-05-05
475,238,443,2025-02-22
476,141,356,2025-01-16
477,208,417,2024-12-24
478,442,307,2024-12-21
479,64,260,2024-06-01
480,467,181,2024-11-06
481,374,319,2024-08-04
482,323,376,2024-05-17
483,14,494,2024-11-05
484,445,409,2024-04-25
485,179,359,2024-10-19
486,305,452,2025-03-11
487,372,328,2025-05-13
488,368,452,2025-04-17
489,30,44,2025-01-15
490,8,316,2024-04-07
491,87,346,2025-04-21
492,468,348,2024-05-07
493,458,19,2025-04-23
494,182,5,2024-02-21
495,192,154,2024-07-05
496,98,146,2024-01-21
497,385,392,2025-02-03
498,348,425,2024-06-24
499,59,443,2024-05-14
500,325,77,2024-04-27
