post_id,user_id,caption,content_type,views,likes,shares,post_date
1,77,Having a great day! #music,Video,24201,8823,974,2024-05-03
2,69,Having a great day! #nature,Image,33522,3341,681,2024-11-27
3,309,Having a great day! #travel,Image,24762,9636,1488,2024-12-09
4,61,Having a great day! #tech,Image,91277,9912,1446,2024-04-14
5,452,Having a great day! #tech,Video,13024,7702,1564,2025-03-05
6,300,Having a great day! #books,Reel,54832,4846,317,2024-04-10
7,329,Having a great day! #tech,Video,22150,5780,351,2024-03-12
8,343,Having a great day! #travel,Image,54153,2262,1730,2024-11-18
9,4,Having a great day! #gaming,Reel,54014,204,39,2024-09-28
10,269,Having a great day! #fitness,Image,25256,8635,521,2025-02-21
11,42,Having a great day! #travel,Image,53220,6223,777,2024-10-09
12,471,Having a great day! #travel,Image,27810,9296,978,2024-05-18
13,107,Having a great day! #books,Image,98699,6535,1907,2024-02-09
14,72,Having a great day! #food,Reel,97808,5676,114,2024-02-20
15,231,Having a great day! #tech,Image,46736,9070,1932,2024-07-11
16,195,Having a great day! #fitness,Reel,51168,5198,743,2024-02-24
17,263,Having a great day! #nature,Image,3542,1478,729,2024-10-10
18,464,Having a great day! #coding,Reel,68402,2788,1408,2024-07-13
19,40,Having a great day! #fashion,Video,32421,8133,1221,2024-11-11
20,221,Having a great day! #books,Image,39478,5263,1240,2025-04-30
21,144,Having a great day! #nature,Video,15027,9248,414,2024-10-30
22,435,Having a great day! #nature,Reel,65544,2290,1302,2024-06-04
23,473,Having a great day! #nature,Reel,4918,5900,1441,2025-04-03
24,289,Having a great day! #nature,Video,56520,1745,26,2024-02-20
25,348,Having a great day! #books,Reel,65697,2479,711,2024-01-13
26,402,Having a great day! #coding,Reel,63398,5716,980,2024-02-19
27,410,Having a great day! #fitness,Reel,32070,8464,362,2024-10-09
28,203,Having a great day! #travel,Reel,80592,3242,925,2024-10-30
29,275,Having a great day! #fitness,Video,42827,3238,942,2024-02-28
30,433,Having a great day! #tech,Reel,22713,4883,1886,2024-11-10
31,71,Having a great day! #books,Video,55548,3053,1001,2024-11-21
32,488,Having a great day! #travel,Video,17995,3206,1674,2024-07-15
33,16,Having a great day! #coding,Video,4385,4513,465,2024-10-02
34,279,Having a great day! #fashion,Reel,99293,691,1561,2025-01-03
35,442,Having a great day! #food,Video,15486,3892,434,2025-02-19
36,292,Having a great day! #fashion,Reel,36942,9788,1108,2024-03-27
37,471,Having a great day! #travel,Video,86069,2088,1441,2025-03-19
38,138,Having a great day! #nature,Video,59343,1247,1302,2025-02-10
39,2,Having a great day! #food,Reel,60189,5879,1746,2024-02-02
40,67,Having a great day! #books,Video,45154,803,99,2024-02-20
41,466,Having a great day! #fitness,Reel,39666,2614,1795,2025-04-22
42,372,Having a great day! #coding,Video,86015,1504,1446,2024-02-18
43,62,Having a great day! #nature,Reel,17424,7836,150,2024-04-27
44,5,Having a great day! #books,Reel,21611,7220,724,2025-01-04
45,302,Having a great day! #nature,Video,56380,5162,1625,2024-03-12
46,261,Having a great day! #coding,Reel,51447,4852,1328,2024-01-28
47,479,Having a great day! #fashion,Image,50803,9322,866,2024-07-06
48,473,Having a great day! #travel,Video,66502,4703,1292,2024-12-30
49,41,Having a great day! #gaming,Image,20465,8798,674,2024-07-19
50,60,Having a great day! #tech,Reel,79900,911,638,2024-12-07
51,422,Having a great day! #music,Image,48841,2089,1540,2025-02-03
52,296,Having a great day! #food,Video,59763,8378,742,2024-01-29
53,2,Having a great day! #travel,Image,32153,763,971,2024-07-05
54,469,Having a great day! #fashion,Video,10308,9374,768,2024-03-02
55,160,Having a great day! #fashion,Image,72594,7493,21,2024-07-07
56,280,Having a great day! #coding,Image,935,6728,53,2024-04-29
57,122,Having a great day! #nature,Video,7950,2342,1462,2024-05-23
58,69,Having a great day! #nature,Image,77680,9313,132,2024-08-10
59,120,Having a great day! #food,Image,17940,9589,228,2024-03-20
60,437,Having a great day! #food,Image,20758,4994,1697,2024-12-26
61,347,Having a great day! #music,Video,22889,519,1954,2024-07-26
62,400,Having a great day! #coding,Image,26069,6573,767,2024-12-17
63,66,Having a great day! #food,Video,16159,709,1934,2024-08-24
64,96,Having a great day! #music,Video,58559,2445,75,2024-11-10
65,215,Having a great day! #coding,Reel,69019,4092,1296,2025-02-14
66,199,Having a great day! #music,Image,3516,5234,1227,2024-04-22
67,124,Having a great day! #music,Reel,96707,926,1569,2025-04-30
68,468,Having a great day! #books,Image,92302,5771,1945,2024-10-17
69,47,Having a great day! #travel,Image,78961,3594,45,2024-09-26
70,301,Having a great day! #fitness,Image,69082,5988,1972,2024-02-07
71,333,Having a great day! #fashion,Image,92791,9217,1425,2025-03-31
72,486,Having a great day! #books,Video,74481,540,377,2024-11-04
73,164,Having a great day! #fitness,Reel,11729,5510,919,2024-01-06
74,215,Having a great day! #fitness,Video,64729,6214,724,2024-10-06
75,18,Having a great day! #music,Image,41874,4288,1954,2024-02-23
76,458,Having a great day! #tech,Reel,4162,7076,1935,2024-11-30
77,277,Having a great day! #music,Reel,36999,4882,491,2024-02-19
78,321,Having a great day! #books,Video,26271,1599,57,2024-04-15
79,136,Having a great day! #food,Reel,71419,6359,383,2024-07-08
80,386,Having a great day! #food,Image,87674,5642,1660,2024-10-04
81,244,Having a great day! #books,Image,62524,4906,166,2024-07-21
82,230,Having a great day! #fitness,Image,27872,3167,263,2024-01-22
83,204,Having a great day! #gaming,Video,36302,8524,943,2025-04-14
84,494,Having a great day! #food,Image,73852,1664,1614,2024-05-26
85,207,Having a great day! #fitness,Reel,79877,6591,84,2024-07-21
86,156,Having a great day! #music,Video,64537,1619,1996,2025-03-20
87,227,Having a great day! #coding,Video,97217,7947,1560,2024-09-21
88,15,Having a great day! #fitness,Image,26409,954,515,2024-01-17
89,191,Having a great day! #tech,Reel,58571,2919,1972,2025-03-21
90,84,Having a great day! #books,Image,29112,3698,1392,2024-04-15
91,308,Having a great day! #travel,Image,33181,9977,1653,2025-04-27
92,423,Having a great day! #books,Video,76709,1686,20,2024-09-18
93,142,Having a great day! #fashion,Video,34329,4905,390,2024-03-17
94,14,Having a great day! #tech,Video,34103,6867,833,2024-07-17
95,465,Having a great day! #fashion,Reel,39447,2795,1726,2024-12-02
96,336,Having a great day! #food,Image,46667,3669,1529,2025-03-22
97,484,Having a great day! #books,Image,61994,3197,1029,2024-03-02
98,292,Having a great day! #tech,Image,41569,2964,1600,2024-02-11
99,391,Having a great day! #food,Image,80641,7115,1302,2024-08-07
100,98,Having a great day! #travel,Reel,640,4086,468,2024-12-21
101,234,Having a great day! #gaming,Reel,68797,5545,893,2025-03-30
102,68,Having a great day! #coding,Reel,2972,9671,1038,2024-03-27
103,335,Having a great day! #travel,Image,90506,1907,858,2024-08-15
104,340,Having a great day! #gaming,Video,81731,9932,1440,2024-03-11
105,399,Having a great day! #music,Reel,26533,5874,1445,2024-07-28
106,46,Having a great day! #food,Reel,87790,8105,310,2025-05-01
107,26,Having a great day! #food,Image,5270,4770,742,2025-02-14
108,169,Having a great day! #fashion,Video,81601,4405,1804,2025-01-10
109,409,Having a great day! #fitness,Image,17468,970,1935,2025-03-08
110,314,Having a great day! #travel,Reel,95425,2150,994,2025-04-16
111,490,Having a great day! #fashion,Reel,68664,1570,891,2024-12-04
112,479,Having a great day! #fitness,Reel,61610,8133,1785,2024-03-25
113,419,Having a great day! #coding,Image,60274,7287,1645,2024-10-20
114,282,Having a great day! #travel,Image,79294,5000,1827,2024-09-17
115,308,Having a great day! #tech,Reel,86236,5962,1471,2024-08-19
116,55,Having a great day! #travel,Image,64642,2311,1688,2025-01-02
117,98,Having a great day! #fashion,Image,99341,6800,100,2025-04-19
118,377,Having a great day! #travel,Reel,56829,9596,994,2025-04-18
119,259,Having a great day! #nature,Video,79922,4077,565,2024-07-22
120,161,Having a great day! #gaming,Reel,28587,3301,434,2024-11-15
121,166,Having a great day! #food,Video,73799,7880,1198,2024-10-19
122,196,Having a great day! #fitness,Image,87951,937,414,2024-05-16
123,184,Having a great day! #tech,Image,80854,9215,1776,2024-04-24
124,490,Having a great day! #fashion,Reel,7151,222,1528,2024-05-08
125,101,Having a great day! #coding,Video,58927,2916,1403,2024-02-08
126,434,Having a great day! #music,Image,43427,7650,1458,2025-04-24
127,282,Having a great day! #fashion,Image,92857,5217,1081,2024-04-22
128,110,Having a great day! #fashion,Video,47390,4819,452,2025-05-01
129,315,Having a great day! #books,Image,5326,5268,786,2025-04-13
130,229,Having a great day! #tech,Image,38954,3164,661,2024-09-20
131,110,Having a great day! #nature,Image,27045,8820,1702,2024-12-25
132,45,Having a great day! #food,Image,23429,4137,1147,2024-02-06
133,61,Having a great day! #gaming,Image,84172,1046,1553,2025-01-16
134,475,Having a great day! #tech,Video,51888,514,975,2024-03-21
135,495,Having a great day! #fashion,Image,72651,9104,294,2024-03-04
136,331,Having a great day! #gaming,Image,21196,3024,457,2024-11-11
137,149,Having a great day! #food,Video,12971,3244,1491,2024-10-24
138,231,Having a great day! #fashion,Reel,86531,5018,1425,2024-10-26
139,329,Having a great day! #nature,Video,47218,2210,1396,2025-01-10
140,431,Having a great day! #music,Image,70697,3228,544,2025-01-10
141,303,Having a great day! #coding,Image,72398,4279,1118,2025-04-02
142,47,Having a great day! #nature,Video,65920,183,1362,2024-05-02
143,496,Having a great day! #fitness,Reel,96045,7931,1928,2024-07-02
144,470,Having a great day! #tech,Image,5330,5319,216,2024-12-26
145,460,Having a great day! #food,Reel,33075,6175,1997,2025-04-09
146,226,Having a great day! #fitness,Image,10204,8440,1322,2024-05-23
147,247,Having a great day! #tech,Video,27717,9689,335,2024-11-27
148,86,Having a great day! #music,Image,67817,6652,1232,2025-05-11
149,242,Having a great day! #tech,Image,28852,6740,1235,2024-03-14
150,118,Having a great day! #nature,Video,17429,1788,38,2024-04-13
151,402,Having a great day! #gaming,Reel,98716,1935,195,2024-09-03
152,23,Having a great day! #gaming,Video,30179,7909,1622,2025-01-28
153,393,Having a great day! #coding,Image,37228,9812,1800,2024-10-05
154,106,Having a great day! #fashion,Video,47583,1756,321,2024-08-06
155,283,Having a great day! #gaming,Video,23525,6075,1150,2024-10-11
156,487,Having a great day! #fitness,Image,28209,8338,825,2025-02-06
157,308,Having a great day! #nature,Image,8499,4320,459,2024-07-08
158,420,Having a great day! #fitness,Reel,64897,7202,26,2024-04-13
159,185,Having a great day! #coding,Reel,137,2589,182,2024-05-21
160,425,Having a great day! #gaming,Reel,45725,5703,1977,2025-02-21
161,287,Having a great day! #food,Reel,38668,5580,1944,2024-02-29
162,125,Having a great day! #fashion,Video,89437,7558,1841,2024-10-27
163,265,Having a great day! #gaming,Image,91957,4324,513,2024-05-27
164,383,Having a great day! #coding,Video,96714,3281,485,2025-01-11
165,41,Having a great day! #tech,Reel,968,8881,1966,2024-01-22
166,469,Having a great day! #gaming,Video,52250,3648,1541,2024-10-22
167,235,Having a great day! #food,Reel,68022,7547,651,2024-12-18
168,138,Having a great day! #tech,Reel,45070,6005,381,2024-09-12
169,295,Having a great day! #coding,Image,94578,4432,1651,2024-04-30
170,458,Having a great day! #gaming,Reel,94545,5182,1613,2024-09-06
171,323,Having a great day! #food,Video,97695,5493,537,2024-07-03
172,333,Having a great day! #gaming,Image,37404,5828,670,2024-12-10
173,173,Having a great day! #nature,Reel,80356,9375,833,2025-03-10
174,455,Having a great day! #tech,Video,98128,9626,1071,2025-05-09
175,53,Having a great day! #food,Image,62121,8995,115,2024-01-14
176,146,Having a great day! #tech,Reel,16669,2160,1083,2025-03-05
177,70,Having a great day! #gaming,Image,77541,9800,940,2024-11-19
178,46,Having a great day! #tech,Video,48043,6763,537,2024-03-20
179,252,Having a great day! #tech,Video,1297,7062,1639,2024-05-29
180,331,Having a great day! #nature,Video,29013,4318,167,2024-08-04
181,415,Having a great day! #music,Video,24741,1131,378,2024-03-10
182,274,Having a great day! #travel,Image,13505,4632,556,2024-03-05
183,238,Having a great day! #travel,Video,10615,2403,119,2024-05-16
184,366,Having a great day! #coding,Video,58159,4059,1515,2024-01-18
185,22,Having a great day! #gaming,Reel,16109,4160,990,2024-11-22
186,407,Having a great day! #music,Reel,15782,6494,1621,2024-05-04
187,47,Having a great day! #books,Video,99657,993,127,2024-07-01
188,353,Having a great day! #nature,Video,95048,2217,518,2025-04-05
189,240,Having a great day! #music,Reel,72782,2637,146,2024-09-28
190,10,Having a great day! #books,Video,81390,3922,661,2025-01-04
191,210,Having a great day! #fashion,Image,12716,8582,1354,2024-02-04
192,199,Having a great day! #tech,Reel,81885,9681,529,2024-01-26
193,32,Having a great day! #fashion,Reel,97549,6824,1688,2024-07-07
194,50,Having a great day! #food,Reel,30379,8720,794,2024-04-07
195,346,Having a great day! #tech,Reel,87294,7007,1813,2024-02-23
196,282,Having a great day! #fashion,Video,54146,7064,1696,2025-01-06
197,204,Having a great day! #travel,Reel,4643,4670,1225,2024-01-09
198,475,Having a great day! #books,Image,12458,628,947,2024-07-01
199,470,Having a great day! #coding,Reel,10218,5329,1628,2024-09-04
200,472,Having a great day! #fashion,Video,57025,6834,1910,2025-03-20
201,164,Having a great day! #gaming,Reel,19705,5364,1033,2024-12-23
202,149,Having a great day! #nature,Image,17426,5517,174,2024-08-31
203,250,Having a great day! #nature,Reel,74985,3222,1154,2024-11-11
204,217,Having a great day! #fashion,Video,25067,5264,710,2024-10-31
205,120,Having a great day! #coding,Reel,49097,2565,1556,2025-01-07
206,57,Having a great day! #music,Video,61859,382,684,2024-04-17
207,10,Having a great day! #nature,Reel,87069,8641,94,2024-05-10
208,340,Having a great day! #fashion,Image,2600,4802,1781,2025-03-28
209,257,Having a great day! #tech,Reel,93484,362,86,2024-05-06
210,257,Having a great day! #music,Image,82123,4231,1804,2024-07-17
211,267,Having a great day! #books,Reel,90083,3736,859,2024-05-03
212,278,Having a great day! #coding,Image,40601,8592,1867,2024-03-10
213,163,Having a great day! #fitness,Reel,3964,5231,1807,2025-05-13
214,95,Having a great day! #travel,Reel,80964,4382,1245,2024-10-17
215,241,Having a great day! #fashion,Image,50885,8061,975,2024-03-11
216,104,Having a great day! #coding,Image,23309,7207,1780,2024-11-11
217,369,Having a great day! #fashion,Video,80251,9380,1221,2024-10-01
218,377,Having a great day! #travel,Reel,50877,8466,1572,2024-11-18
219,314,Having a great day! #travel,Reel,67860,2340,954,2025-02-28
220,231,Having a great day! #travel,Image,59564,9681,1841,2024-12-30
221,231,Having a great day! #fashion,Image,68757,6302,1493,2025-02-09
222,442,Having a great day! #fitness,Image,19053,2940,1580,2024-12-30
223,2,Having a great day! #books,Video,1700,7524,1024,2025-03-13
224,308,Having a great day! #books,Image,32175,8977,574,2024-11-13
225,309,Having a great day! #music,Video,11595,813,228,2024-08-01
226,185,Having a great day! #travel,Image,39329,5299,759,2025-04-04
227,169,Having a great day! #gaming,Video,68866,3448,1430,2024-04-17
228,163,Having a great day! #music,Reel,75485,5807,1903,2024-03-07
229,100,Having a great day! #travel,Image,3243,7626,1285,2025-02-11
230,354,Having a great day! #music,Video,8991,5052,619,2024-09-16
231,427,Having a great day! #fashion,Reel,62897,7784,1637,2024-01-19
232,29,Having a great day! #gaming,Video,74148,5179,1142,2024-10-01
233,174,Having a great day! #nature,Reel,70128,2729,1174,2024-11-06
234,255,Having a great day! #coding,Video,59332,4968,447,2024-09-25
235,464,Having a great day! #gaming,Image,25031,5582,1896,2024-09-04
236,236,Having a great day! #nature,Reel,68564,1907,13,2024-06-08
237,160,Having a great day! #coding,Video,26387,3164,591,2024-05-21
238,106,Having a great day! #gaming,Video,72106,5228,560,2024-03-13
239,15,Having a great day! #tech,Reel,6713,1745,790,2024-01-28
240,419,Having a great day! #coding,Reel,99505,8750,165,2025-05-13
241,330,Having a great day! #tech,Video,30468,3676,299,2025-03-16
242,34,Having a great day! #tech,Image,46164,7852,949,2025-03-09
243,406,Having a great day! #music,Reel,60520,6576,1214,2024-07-30
244,223,Having a great day! #books,Video,71472,3879,359,2024-12-05
245,490,Having a great day! #nature,Image,78515,1791,1408,2025-02-20
246,1,Having a great day! #fitness,Reel,19658,7431,1093,2024-05-29
247,469,Having a great day! #fashion,Image,76479,143,1257,2024-09-18
248,184,Having a great day! #food,Video,4187,3864,889,2024-12-25
249,197,Having a great day! #fashion,Video,20320,4736,1792,2024-12-09
250,413,Having a great day! #nature,Video,91246,9912,1910,2024-08-05
251,296,Having a great day! #tech,Reel,31131,8230,556,2024-07-29
252,41,Having a great day! #fitness,Reel,95952,8634,1764,2025-01-19
253,409,Having a great day! #books,Video,80452,874,1855,2024-06-24
254,409,Having a great day! #music,Video,22055,588,1428,2025-04-17
255,150,Having a great day! #books,Image,37693,7952,173,2024-03-05
256,303,Having a great day! #fitness,Reel,58643,6068,1659,2024-03-30
257,79,Having a great day! #tech,Video,50322,3908,1358,2024-08-13
258,205,Having a great day! #tech,Video,62525,8734,483,2024-07-13
259,493,Having a great day! #gaming,Reel,5476,1605,1884,2024-09-29
260,201,Having a great day! #tech,Reel,98284,3971,1508,2024-12-10
261,51,Having a great day! #gaming,Image,89949,7316,724,2024-04-22
262,363,Having a great day! #food,Image,79357,2138,774,2024-12-02
263,39,Having a great day! #tech,Video,56065,5308,532,2024-03-23
264,476,Having a great day! #coding,Reel,51563,2933,1326,2024-09-08
265,37,Having a great day! #books,Reel,32946,7315,43,2025-04-04
266,363,Having a great day! #tech,Video,57254,6627,1733,2025-01-07
267,184,Having a great day! #fashion,Reel,39792,6573,118,2024-11-19
268,284,Having a great day! #travel,Video,86703,3139,617,2024-12-22
269,13,Having a great day! #books,Image,64224,6379,134,2025-02-09
270,404,Having a great day! #travel,Video,15591,3478,1657,2024-11-30
271,73,Having a great day! #tech,Reel,2598,7730,1862,2025-04-15
272,428,Having a great day! #books,Image,14037,1880,1023,2024-10-31
273,295,Having a great day! #gaming,Image,42251,3503,1570,2024-01-24
274,474,Having a great day! #books,Image,17581,1647,1625,2025-03-09
275,304,Having a great day! #music,Video,90998,7808,1422,2024-03-05
276,314,Having a great day! #food,Reel,39578,5709,862,2024-01-03
277,321,Having a great day! #coding,Video,7055,3183,235,2025-02-11
278,172,Having a great day! #books,Video,5777,1720,1521,2024-01-27
279,215,Having a great day! #coding,Reel,88816,5346,476,2025-02-02
280,28,Having a great day! #nature,Image,28433,9994,936,2024-04-01
281,292,Having a great day! #travel,Video,17991,1830,1749,2024-08-26
282,438,Having a great day! #coding,Image,54061,8558,1006,2025-03-17
283,114,Having a great day! #books,Image,75296,93,860,2024-01-23
284,286,Having a great day! #travel,Reel,96016,6672,1950,2024-04-21
285,13,Having a great day! #tech,Video,18269,6651,383,2025-02-08
286,386,Having a great day! #music,Reel,80381,8897,1183,2025-02-10
287,239,Having a great day! #books,Image,48016,6013,363,2024-11-27
288,481,Having a great day! #books,Reel,27598,3703,661,2024-06-29
289,63,Having a great day! #tech,Reel,69817,8740,1847,2024-05-29
290,201,Having a great day! #fitness,Video,10185,1801,342,2024-05-21
291,278,Having a great day! #fitness,Video,45542,6893,914,2025-01-12
292,336,Having a great day! #fashion,Video,77872,8696,1729,2024-10-07
293,148,Having a great day! #travel,Image,46384,4669,938,2025-05-04
294,163,Having a great day! #books,Image,57888,4276,762,2024-04-04
295,13,Having a great day! #nature,Video,19155,7514,1905,2024-06-12
296,290,Having a great day! #tech,Video,90427,1850,1503,2024-09-02
297,29,Having a great day! #books,Reel,25678,9568,1083,2024-04-23
298,163,Having a great day! #books,Reel,67150,928,1865,2024-12-07
299,229,Having a great day! #gaming,Image,28371,7288,1523,2024-07-31
300,74,Having a great day! #coding,Video,62308,8616,691,2024-02-03
301,364,Having a great day! #books,Image,26217,3057,1709,2024-07-14
302,14,Having a great day! #travel,Image,34529,4927,1962,2024-11-23
303,142,Having a great day! #tech,Image,78597,5937,1195,2024-09-03
304,433,Having a great day! #music,Image,76338,968,304,2024-06-12
305,328,Having a great day! #food,Reel,25503,3012,1571,2024-02-18
306,186,Having a great day! #food,Reel,76127,5771,1691,2024-03-14
307,114,Having a great day! #coding,Reel,80503,8622,1737,2024-09-29
308,186,Having a great day! #fitness,Video,78435,8580,1568,2025-05-11
309,67,Having a great day! #food,Video,90646,1840,164,2024-01-10
310,130,Having a great day! #travel,Image,39637,178,1550,2024-02-19
311,483,Having a great day! #music,Reel,45691,5780,333,2025-03-13
312,494,Having a great day! #music,Image,98930,8810,13,2025-05-13
313,55,Having a great day! #fitness,Video,49856,6958,443,2024-09-20
314,370,Having a great day! #travel,Image,43106,8098,241,2024-07-16
315,220,Having a great day! #coding,Image,62447,6030,372,2024-01-07
316,53,Having a great day! #fitness,Image,47772,3271,698,2024-04-12
317,411,Having a great day! #nature,Video,62467,9892,1950,2024-07-26
318,16,Having a great day! #food,Reel,7027,1127,1025,2024-12-13
319,385,Having a great day! #gaming,Video,61182,3318,606,2024-12-04
320,61,Having a great day! #nature,Video,41329,6175,911,2024-08-23
321,367,Having a great day! #nature,Video,14436,9330,1387,2024-09-08
322,498,Having a great day! #nature,Reel,88768,5789,1574,2025-05-15
323,50,Having a great day! #nature,Video,46940,6759,724,2024-01-29
324,11,Having a great day! #gaming,Video,4999,7561,1352,2025-03-18
325,166,Having a great day! #books,Image,64110,1649,1419,2024-12-11
326,326,Having a great day! #food,Reel,28159,4718,548,2024-01-25
327,35,Having a great day! #books,Reel,62394,7007,434,2024-06-26
328,264,Having a great day! #tech,Reel,71870,2968,1809,2024-01-10
329,315,Having a great day! #nature,Reel,95338,991,1074,2024-04-12
330,467,Having a great day! #food,Reel,26780,6767,551,2025-02-25
331,424,Having a great day! #music,Video,63720,9182,898,2024-08-04
332,22,Having a great day! #tech,Image,7351,1385,647,2024-11-04
333,121,Having a great day! #food,Reel,96369,8206,1915,2024-03-02
334,414,Having a great day! #fashion,Video,76688,6398,1655,2025-01-18
335,29,Having a great day! #tech,Reel,49213,1860,653,2024-10-06
336,496,Having a great day! #books,Image,97021,905,1419,2025-04-14
337,440,Having a great day! #tech,Video,1131,6448,1904,2025-05-15
338,416,Having a great day! #nature,Image,36018,1322,1690,2025-02-03
339,34,Having a great day! #fashion,Video,79020,8983,1515,2024-06-16
340,157,Having a great day! #fashion,Reel,10878,1825,328,2024-05-07
341,89,Having a great day! #books,Video,37035,3264,177,2024-07-31
342,321,Having a great day! #coding,Image,60710,3258,541,2024-12-25
343,368,Having a great day! #gaming,Video,59568,8106,247,2024-04-24
344,106,Having a great day! #books,Image,37189,3112,861,2024-04-02
345,235,Having a great day! #food,Image,61557,2192,1789,2024-06-14
346,31,Having a great day! #travel,Video,30881,7725,1865,2024-06-30
347,344,Having a great day! #fashion,Image,73442,683,1193,2024-04-01
348,60,Having a great day! #fashion,Image,16860,8189,1790,2025-05-13
349,85,Having a great day! #fashion,Reel,64492,2488,1143,2025-03-12
350,224,Having a great day! #food,Video,5446,7243,735,2024-12-29
351,93,Having a great day! #fitness,Reel,66781,4479,1158,2025-04-01
352,347,Having a great day! #food,Video,3502,4667,1400,2024-12-14
353,338,Having a great day! #tech,Video,82459,4422,1221,2024-12-02
354,411,Having a great day! #music,Video,7379,1168,1125,2025-05-02
355,84,Having a great day! #nature,Video,37447,2535,251,2024-06-01
356,189,Having a great day! #gaming,Image,64275,7308,1818,2024-07-17
357,48,Having a great day! #travel,Reel,44893,7604,1390,2024-04-24
358,411,Having a great day! #tech,Video,19578,2103,1406,2025-04-07
359,212,Having a great day! #food,Video,86719,9323,1669,2024-05-09
360,24,Having a great day! #food,Video,92424,4886,647,2024-10-27
361,310,Having a great day! #music,Reel,14036,7117,1099,2024-01-10
362,499,Having a great day! #books,Video,90626,6481,1652,2024-06-03
363,75,Having a great day! #coding,Video,82158,8834,395,2024-02-14
364,441,Having a great day! #tech,Reel,31901,3308,608,2024-10-18
365,306,Having a great day! #gaming,Video,4951,7997,823,2024-09-05
366,162,Having a great day! #gaming,Image,35207,6844,1825,2024-08-30
367,177,Having a great day! #tech,Image,66636,3609,1208,2025-04-10
368,345,Having a great day! #fashion,Video,21337,3404,583,2024-12-19
369,286,Having a great day! #travel,Image,47126,4283,736,2024-12-12
370,133,Having a great day! #fashion,Video,6217,9136,552,2025-04-03
371,55,Having a great day! #books,Reel,13452,9225,90,2024-09-16
372,51,Having a great day! #fitness,Reel,47775,5492,1682,2024-03-11
373,44,Having a great day! #music,Video,93842,6809,743,2024-11-18
374,488,Having a great day! #gaming,Reel,47518,497,911,2024-03-15
375,19,Having a great day! #fitness,Reel,7677,8526,1997,2024-05-31
376,76,Having a great day! #nature,Video,84494,3370,1822,2024-10-05
377,276,Having a great day! #fashion,Video,95140,2074,1070,2024-10-03
378,277,Having a great day! #books,Video,31732,4989,1492,2024-08-04
379,378,Having a great day! #travel,Video,44530,3878,1654,2025-01-16
380,378,Having a great day! #coding,Image,43071,8471,1197,2024-04-08
381,67,Having a great day! #tech,Image,58579,1289,761,2024-12-12
382,486,Having a great day! #tech,Reel,54746,2678,300,2024-09-15
383,81,Having a great day! #gaming,Video,15666,9866,1750,2024-07-28
384,15,Having a great day! #fitness,Image,77383,6920,104,2025-04-24
385,214,Having a great day! #tech,Reel,40693,9279,931,2025-04-05
386,231,Having a great day! #tech,Image,95502,5338,187,2025-02-13
387,46,Having a great day! #fitness,Reel,3351,9381,1295,2025-02-11
388,491,Having a great day! #books,Reel,24924,7806,1034,2025-04-04
389,311,Having a great day! #fashion,Video,77287,747,1011,2025-03-17
390,51,Having a great day! #gaming,Image,37501,2369,379,2024-05-10
391,153,Having a great day! #nature,Image,42048,2344,850,2025-04-02
392,386,Having a great day! #gaming,Video,15183,4422,129,2024-06-11
393,346,Having a great day! #food,Image,72806,2067,628,2024-10-17
394,276,Having a great day! #nature,Reel,59310,694,7,2025-02-20
395,349,Having a great day! #nature,Video,82964,3495,1203,2025-03-06
396,144,Having a great day! #nature,Image,80112,8280,1965,2025-02-14
397,307,Having a great day! #fashion,Image,90781,2200,1328,2025-04-17
398,449,Having a great day! #food,Reel,4156,7303,1381,2024-03-04
399,99,Having a great day! #tech,Image,29135,334,1558,2024-05-23
400,19,Having a great day! #music,Video,92380,9939,433,2024-01-04
401,345,Having a great day! #books,Reel,23106,1080,1209,2024-03-06
402,497,Having a great day! #gaming,Reel,33250,9186,1813,2024-08-20
403,349,Having a great day! #gaming,Video,65055,5932,1064,2025-01-23
404,451,Having a great day! #books,Image,96758,3706,1417,2024-08-04
405,13,Having a great day! #books,Reel,43917,4112,511,2024-02-25
406,49,Having a great day! #tech,Reel,16461,1411,2000,2024-02-01
407,321,Having a great day! #nature,Image,13446,924,1150,2024-01-27
408,238,Having a great day! #nature,Reel,81263,1669,700,2024-11-29
409,405,Having a great day! #coding,Reel,16612,8347,529,2024-06-30
410,492,Having a great day! #fashion,Video,76602,8876,1593,2024-03-15
411,420,Having a great day! #gaming,Image,55420,5643,405,2025-05-14
412,297,Having a great day! #books,Video,80853,4919,862,2024-06-17
413,320,Having a great day! #coding,Image,63112,5441,1658,2025-01-13
414,226,Having a great day! #coding,Reel,76867,5906,94,2025-05-14
415,12,Having a great day! #fitness,Video,13363,353,1707,2024-12-12
416,320,Having a great day! #nature,Reel,8669,1951,300,2025-03-27
417,301,Having a great day! #coding,Reel,38659,2444,676,2024-05-06
418,241,Having a great day! #books,Image,22045,8343,799,2025-01-19
419,490,Having a great day! #tech,Video,35271,9532,826,2024-11-22
420,456,Having a great day! #nature,Reel,20705,6139,526,2024-10-08
421,231,Having a great day! #tech,Video,53702,6031,1652,2024-09-11
422,263,Having a great day! #gaming,Reel,10344,4538,1902,2024-04-26
423,394,Having a great day! #music,Image,92589,9906,287,2025-03-13
424,388,Having a great day! #travel,Video,85833,8409,1563,2025-05-02
425,370,Having a great day! #tech,Video,11355,5139,1737,2024-04-06
426,378,Having a great day! #travel,Video,86456,5820,700,2024-04-25
427,79,Having a great day! #fashion,Reel,82654,9889,1876,2024-11-07
428,493,Having a great day! #tech,Reel,40030,1537,356,2024-02-23
429,120,Having a great day! #music,Reel,68833,1156,936,2024-01-30
430,381,Having a great day! #food,Video,27163,2138,1787,2024-04-15
431,74,Having a great day! #tech,Image,52428,9919,1658,2024-05-06
432,234,Having a great day! #fashion,Reel,93377,4883,805,2024-11-09
433,292,Having a great day! #food,Video,91672,725,495,2025-03-29
434,284,Having a great day! #food,Video,10131,1733,1038,2025-01-27
435,384,Having a great day! #tech,Video,45143,6552,1757,2024-04-09
436,281,Having a great day! #coding,Reel,57473,2307,969,2025-02-24
437,40,Having a great day! #travel,Reel,35915,2524,907,2024-07-02
438,228,Having a great day! #travel,Reel,711,807,1586,2024-07-12
439,349,Having a great day! #food,Image,12761,2760,1487,2024-03-26
440,220,Having a great day! #food,Image,28120,1744,735,2024-06-14
441,23,Having a great day! #food,Image,53983,4950,1576,2024-11-02
442,357,Having a great day! #nature,Reel,91027,2187,685,2024-03-30
443,328,Having a great day! #coding,Reel,77100,227,481,2024-01-11
444,152,Having a great day! #coding,Image,49350,3358,1319,2024-01-20
445,213,Having a great day! #music,Image,30116,5437,706,2024-05-04
446,94,Having a great day! #tech,Reel,892,1068,1786,2024-09-08
447,478,Having a great day! #coding,Image,66609,1290,877,2025-01-06
448,326,Having a great day! #coding,Video,63168,1320,1952,2025-05-12
449,196,Having a great day! #nature,Image,99565,4928,1223,2024-10-02
450,70,Having a great day! #tech,Image,20380,3116,13,2024-01-07
451,302,Having a great day! #food,Video,5189,2049,793,2025-04-22
452,353,Having a great day! #fashion,Reel,7663,6323,1902,2024-08-05
453,484,Having a great day! #fitness,Video,32529,9875,1189,2025-05-02
454,462,Having a great day! #food,Reel,24849,6939,344,2025-02-28
455,373,Having a great day! #food,Image,83485,9391,1595,2025-02-12
456,1,Having a great day! #food,Image,91367,6855,1080,2024-08-01
457,231,Having a great day! #books,Image,24431,3302,125,2025-01-18
458,151,Having a great day! #food,Video,16442,4544,136,2024-06-24
459,22,Having a great day! #food,Image,68563,128,774,2024-11-04
460,162,Having a great day! #coding,Video,87273,6538,780,2024-11-08
461,445,Having a great day! #gaming,Video,91754,4082,759,2024-08-19
462,24,Having a great day! #fashion,Reel,58336,3836,1247,2024-09-05
463,311,Having a great day! #coding,Reel,18864,8530,1799,2024-10-19
464,489,Having a great day! #food,Video,86953,8868,498,2024-05-04
465,132,Having a great day! #tech,Reel,16234,2234,1894,2024-09-30
466,194,Having a great day! #nature,Reel,84261,9216,1983,2025-03-14
467,60,Having a great day! #books,Video,16800,5144,1958,2024-07-13
468,479,Having a great day! #fitness,Reel,87098,9866,1214,2024-04-23
469,76,Having a great day! #books,Video,19219,572,1231,2024-06-12
470,193,Having a great day! #travel,Video,20114,3460,1741,2025-01-10
471,338,Having a great day! #fitness,Image,71919,6437,696,2024-08-04
472,202,Having a great day! #food,Image,42491,9519,1778,2025-02-16
473,412,Having a great day! #coding,Reel,85459,159,746,2025-01-06
474,243,Having a great day! #fitness,Image,15480,8454,1336,2024-06-22
475,489,Having a great day! #fitness,Reel,97774,6160,1593,2024-12-20
476,43,Having a great day! #food,Video,84170,8361,465,2024-01-12
477,360,Having a great day! #nature,Video,74997,2061,208,2024-06-15
478,429,Having a great day! #books,Reel,93652,2043,1548,2025-01-20
479,295,Having a great day! #coding,Reel,21230,1448,1156,2024-05-11
480,154,Having a great day! #travel,Reel,38556,8760,916,2024-03-12
481,73,Having a great day! #music,Image,17690,9875,1135,2024-04-20
482,205,Having a great day! #tech,Image,33415,6978,1930,2024-12-21
483,421,Having a great day! #gaming,Reel,21601,6886,1687,2024-03-19
484,209,Having a great day! #food,Video,84009,1467,748,2025-04-10
485,401,Having a great day! #food,Image,69106,5032,1210,2025-02-24
486,88,Having a great day! #fashion,Video,23781,5665,1655,2025-01-14
487,366,Having a great day! #fitness,Reel,16663,2347,780,2024-10-17
488,94,Having a great day! #tech,Video,61528,8238,592,2024-05-21
489,433,Having a great day! #food,Reel,10516,1266,1499,2024-05-02
490,478,Having a great day! #fitness,Video,65348,8447,1408,2024-12-12
491,177,Having a great day! #coding,Reel,86761,8662,1405,2024-11-07
492,69,Having a great day! #gaming,Video,6772,6935,1019,2024-07-13
493,136,Having a great day! #coding,Image,96834,9329,811,2024-04-21
494,236,Having a great day! #fashion,Video,46485,1765,15,2024-06-28
495,211,Having a great day! #food,Video,1005,2559,1580,2024-12-02
496,337,Having a great day! #tech,Image,18433,5805,1535,2024-08-10
497,486,Having a great day! #tech,Reel,34938,1956,867,2024-09-07
498,406,Having a great day! #travel,Image,20487,5648,1029,2024-01-07
499,249,Having a great day! #food,Video,32572,2508,1498,2024-09-18
500,415,Having a great day! #food,Reel,95842,8240,1256,2024-04-02
