user_id,username,full_name,email,city,age,followers
1,ananyasharma1,Ananya Sharma,ananyasharma1@gmail.com,Pune,33,14728
2,diyasingh2,Diya Singh,diyasingh2@gmail.com,Mumbai,55,27751
3,vivaansharma3,Vivaan Sharma,vivaansharma3@gmail.com,Mumbai,31,15347
4,rohanmalhotra4,Rohan Malhotra,rohanmalhotra4@gmail.com,Delhi,53,13131
5,simranmehta5,Simran Mehta,simranmehta5@gmail.com,Bengaluru,46,38718
6,arjunsharma6,Arjun Sharma,arjunsharma6@gmail.com,Chandigarh,45,22398
7,arjunpatel7,Arjun Patel,arjunpatel7@gmail.com,Bengaluru,39,6798
8,adityamehta8,Aditya Mehta,adityamehta8@gmail.com,Mumbai,40,22641
9,devverma9,Dev Verma,devverma9@gmail.com,Delhi,47,35242
10,ananyamehta10,Ananya Mehta,ananyamehta10@gmail.com,Mumbai,53,19313
11,devkaur11,Dev Kaur,devkaur11@gmail.com,Bengaluru,22,3103
12,kabirverma12,Kabir Verma,kabirverma12@gmail.com,Mumbai,32,6719
13,snehaverma13,Sneha Verma,snehaverma13@gmail.com,Amritsar,58,24009
14,mahimakaur14,Mahima Kaur,mahimakaur14@gmail.com,Jaipur,31,44020
15,arjunsingh15,Arjun Singh,arjunsingh15@gmail.com,Chandigarh,52,47884
16,kabirpatel16,Kabir Patel,kabirpatel16@gmail.com,Amritsar,42,17791
17,simrangupta17,Simran Gupta,simrangupta17@gmail.com,Jaipur,21,15110
18,vivaankaur18,Vivaan Kaur,vivaankaur18@gmail.com,Lucknow,35,4437
19,riyamalhotra19,Riya Malhotra,riyamalhotra19@gmail.com,Jaipur,31,43054
20,nehamehta20,Neha Mehta,nehamehta20@gmail.com,Amritsar,27,17459
21,diyagupta21,Diya Gupta,diyagupta21@gmail.com,Pune,55,28177
22,aishamehta22,Aisha Mehta,aishamehta22@gmail.com,Jaipur,32,9165
23,rohanjoshi23,Rohan Joshi,rohanjoshi23@gmail.com,Mumbai,21,7285
24,diyapatel24,Diya Patel,diyapatel24@gmail.com,Lucknow,56,4263
25,snehamehta25,Sneha Mehta,snehamehta25@gmail.com,Amritsar,51,16576
26,simransharma26,Simran Sharma,simransharma26@gmail.com,Mumbai,52,49309
27,arjunkaur27,Arjun Kaur,arjunkaur27@gmail.com,Mumbai,36,28592
28,mahimajoshi28,Mahima Joshi,mahimajoshi28@gmail.com,Delhi,34,32906
29,mahimakapoor29,Mahima Kapoor,mahimakapoor29@gmail.com,Mumbai,58,19658
30,rohanmalhotra30,Rohan Malhotra,rohanmalhotra30@gmail.com,Bengaluru,27,24604
31,mahimakapoor31,Mahima Kapoor,mahimakapoor31@gmail.com,Delhi,56,21343
32,nehasharma32,Neha Sharma,nehasharma32@gmail.com,Mumbai,41,20253
33,kabirsharma33,Kabir Sharma,kabirsharma33@gmail.com,Bengaluru,54,5261
34,adityajoshi34,Aditya Joshi,adityajoshi34@gmail.com,Mumbai,52,8341
35,diyajoshi35,Diya Joshi,diyajoshi35@gmail.com,Chandigarh,34,34681
36,devmehta36,Dev Mehta,devmehta36@gmail.com,Bengaluru,52,49597
37,riyaverma37,Riya Verma,riyaverma37@gmail.com,Lucknow,60,42690
38,rahuljoshi38,Rahul Joshi,rahuljoshi38@gmail.com,Amritsar,25,16346
39,kabirsingh39,Kabir Singh,kabirsingh39@gmail.com,Jaipur,19,38655
40,simrangupta40,Simran Gupta,simrangupta40@gmail.com,Bengaluru,18,4752
41,vivaangupta41,Vivaan Gupta,vivaangupta41@gmail.com,Mumbai,20,21754
42,adityakapoor42,Aditya Kapoor,adityakapoor42@gmail.com,Bengaluru,35,43942
43,nehagupta43,Neha Gupta,nehagupta43@gmail.com,Chandigarh,54,37862
44,nehagupta44,Neha Gupta,nehagupta44@gmail.com,Amritsar,44,12578
45,ananyasingh45,Ananya Singh,ananyasingh45@gmail.com,Lucknow,40,27859
46,karanjoshi46,Karan Joshi,karanjoshi46@gmail.com,Delhi,59,42448
47,ananyasharma47,Ananya Sharma,ananyasharma47@gmail.com,Lucknow,39,7261
48,kabirgupta48,Kabir Gupta,kabirgupta48@gmail.com,Bengaluru,52,29500
49,diyamehta49,Diya Mehta,diyamehta49@gmail.com,Chandigarh,35,30418
50,kabirsingh50,Kabir Singh,kabirsingh50@gmail.com,Amritsar,53,6516
51,vivaankapoor51,Vivaan Kapoor,vivaankapoor51@gmail.com,Delhi,23,49485
52,kabirpatel52,Kabir Patel,kabirpatel52@gmail.com,Lucknow,49,31646
53,riyamehta53,Riya Mehta,riyamehta53@gmail.com,Delhi,28,24936
54,aaravmehta54,Aarav Mehta,aaravmehta54@gmail.com,Pune,47,18794
55,karankapoor55,Karan Kapoor,karankapoor55@gmail.com,Amritsar,27,12545
56,meeragupta56,Meera Gupta,meeragupta56@gmail.com,Delhi,55,48317
57,simransharma57,Simran Sharma,simransharma57@gmail.com,Jaipur,21,3386
58,aishajoshi58,Aisha Joshi,aishajoshi58@gmail.com,Chandigarh,21,33381
59,adityapatel59,Aditya Patel,adityapatel59@gmail.com,Mumbai,56,4553
60,kabirmehta60,Kabir Mehta,kabirmehta60@gmail.com,Mumbai,54,16235
61,aishamalhotra61,Aisha Malhotra,aishamalhotra61@gmail.com,Delhi,57,5472
62,karanmalhotra62,Karan Malhotra,karanmalhotra62@gmail.com,Jaipur,34,13486
63,priyagupta63,Priya Gupta,priyagupta63@gmail.com,Pune,43,8677
64,meerajoshi64,Meera Joshi,meerajoshi64@gmail.com,Jaipur,22,710
65,ishamalhotra65,Isha Malhotra,ishamalhotra65@gmail.com,Mumbai,22,35334
66,riyakapoor66,Riya Kapoor,riyakapoor66@gmail.com,Pune,26,22972
67,adityagupta67,Aditya Gupta,adityagupta67@gmail.com,Jaipur,36,10438
68,ishakapoor68,Isha Kapoor,ishakapoor68@gmail.com,Pune,57,42958
69,rohansharma69,Rohan Sharma,rohansharma69@gmail.com,Pune,60,6888
70,diyaverma70,Diya Verma,diyaverma70@gmail.com,Mumbai,24,48755
71,simranpatel71,Simran Patel,simranpatel71@gmail.com,Pune,36,39738
72,riyakaur72,Riya Kaur,riyakaur72@gmail.com,Bengaluru,58,17400
73,rohanjoshi73,Rohan Joshi,rohanjoshi73@gmail.com,Pune,21,6148
74,karanverma74,Karan Verma,karanverma74@gmail.com,Delhi,18,21959
75,diyaverma75,Diya Verma,diyaverma75@gmail.com,Chandigarh,46,36254
76,karankapoor76,Karan Kapoor,karankapoor76@gmail.com,Delhi,25,5031
77,diyakapoor77,Diya Kapoor,diyakapoor77@gmail.com,Delhi,41,38275
78,simranpatel78,Simran Patel,simranpatel78@gmail.com,Lucknow,26,2841
79,meerakaur79,Meera Kaur,meerakaur79@gmail.com,Delhi,40,13867
80,kabirsingh80,Kabir Singh,kabirsingh80@gmail.com,Jaipur,53,26732
81,devpatel81,Dev Patel,devpatel81@gmail.com,Bengaluru,28,11703
82,karansharma82,Karan Sharma,karansharma82@gmail.com,Chandigarh,39,27082
83,kabirverma83,Kabir Verma,kabirverma83@gmail.com,Chandigarh,24,25170
84,vivaanjoshi84,Vivaan Joshi,vivaanjoshi84@gmail.com,Bengaluru,30,30266
85,rahulverma85,Rahul Verma,rahulverma85@gmail.com,Bengaluru,32,1650
86,riyamehta86,Riya Mehta,riyamehta86@gmail.com,Jaipur,35,4649
87,arjunkaur87,Arjun Kaur,arjunkaur87@gmail.com,Lucknow,52,21802
88,aaravsingh88,Aarav Singh,aaravsingh88@gmail.com,Pune,29,38149
89,arjunsharma89,Arjun Sharma,arjunsharma89@gmail.com,Mumbai,56,28579
90,rahulkaur90,Rahul Kaur,rahulkaur90@gmail.com,Lucknow,56,33616
91,ananyamehta91,Ananya Mehta,ananyamehta91@gmail.com,Bengaluru,34,3008
92,karansharma92,Karan Sharma,karansharma92@gmail.com,Bengaluru,41,28365
93,adityakaur93,Aditya Kaur,adityakaur93@gmail.com,Jaipur,60,8267
94,meerakapoor94,Meera Kapoor,meerakapoor94@gmail.com,Pune,60,26864
95,priyamehta95,Priya Mehta,priyamehta95@gmail.com,Pune,53,8441
96,riyamehta96,Riya Mehta,riyamehta96@gmail.com,Lucknow,29,40438
97,aishaverma97,Aisha Verma,aishaverma97@gmail.com,Lucknow,53,126
98,meeraverma98,Meera Verma,meeraverma98@gmail.com,Bengaluru,45,38109
99,devkaur99,Dev Kaur,devkaur99@gmail.com,Amritsar,46,29077
100,riyakapoor100,Riya Kapoor,riyakapoor100@gmail.com,Amritsar,28,43278
101,adityaverma101,Aditya Verma,adityaverma101@gmail.com,Jaipur,23,49326
102,kabirverma102,Kabir Verma,kabirverma102@gmail.com,Bengaluru,30,9756
103,aaravsharma103,Aarav Sharma,aaravsharma103@gmail.com,Bengaluru,48,40160
104,adityajoshi104,Aditya Joshi,adityajoshi104@gmail.com,Lucknow,58,37827
105,riyamehta105,Riya Mehta,riyamehta105@gmail.com,Amritsar,43,16089
106,diyasharma106,Diya Sharma,diyasharma106@gmail.com,Mumbai,45,14441
107,mahimakapoor107,Mahima Kapoor,mahimakapoor107@gmail.com,Amritsar,21,36630
108,kabirsingh108,Kabir Singh,kabirsingh108@gmail.com,Amritsar,26,30550
109,rohankapoor109,Rohan Kapoor,rohankapoor109@gmail.com,Jaipur,46,40250
110,rohanmehta110,Rohan Mehta,rohanmehta110@gmail.com,Amritsar,28,48836
111,nehajoshi111,Neha Joshi,nehajoshi111@gmail.com,Pune,33,41889
112,arjunkapoor112,Arjun Kapoor,arjunkapoor112@gmail.com,Amritsar,58,15779
113,arjunjoshi113,Arjun Joshi,arjunjoshi113@gmail.com,Mumbai,36,15467
114,arjunkaur114,Arjun Kaur,arjunkaur114@gmail.com,Jaipur,52,5380
115,diyapatel115,Diya Patel,diyapatel115@gmail.com,Bengaluru,42,45578
116,diyagupta116,Diya Gupta,diyagupta116@gmail.com,Mumbai,44,26812
117,priyakapoor117,Priya Kapoor,priyakapoor117@gmail.com,Amritsar,44,4180
118,riyamehta118,Riya Mehta,riyamehta118@gmail.com,Lucknow,55,45681
119,aaravmalhotra119,Aarav Malhotra,aaravmalhotra119@gmail.com,Lucknow,48,486
120,rahulverma120,Rahul Verma,rahulverma120@gmail.com,Lucknow,44,35372
121,simranmalhotra121,Simran Malhotra,simranmalhotra121@gmail.com,Bengaluru,49,14480
122,arjunmehta122,Arjun Mehta,arjunmehta122@gmail.com,Amritsar,19,25584
123,priyamehta123,Priya Mehta,priyamehta123@gmail.com,Chandigarh,47,8464
124,devkapoor124,Dev Kapoor,devkapoor124@gmail.com,Delhi,43,38890
125,aishasharma125,Aisha Sharma,aishasharma125@gmail.com,Mumbai,59,28189
126,diyajoshi126,Diya Joshi,diyajoshi126@gmail.com,Chandigarh,21,17149
127,snehakaur127,Sneha Kaur,snehakaur127@gmail.com,Bengaluru,47,21520
128,priyamehta128,Priya Mehta,priyamehta128@gmail.com,Pune,44,16632
129,adityajoshi129,Aditya Joshi,adityajoshi129@gmail.com,Delhi,52,3513
130,rahulgupta130,Rahul Gupta,rahulgupta130@gmail.com,Mumbai,59,2738
131,aaravgupta131,Aarav Gupta,aaravgupta131@gmail.com,Bengaluru,19,40819
132,diyagupta132,Diya Gupta,diyagupta132@gmail.com,Chandigarh,48,43973
133,ananyamalhotra133,Ananya Malhotra,ananyamalhotra133@gmail.com,Bengaluru,47,45940
134,arjunkaur134,Arjun Kaur,arjunkaur134@gmail.com,Chandigarh,56,39896
135,ananyapatel135,Ananya Patel,ananyapatel135@gmail.com,Pune,24,38024
136,aaravverma136,Aarav Verma,aaravverma136@gmail.com,Lucknow,43,46959
137,riyasingh137,Riya Singh,riyasingh137@gmail.com,Bengaluru,24,45791
138,meeramalhotra138,Meera Malhotra,meeramalhotra138@gmail.com,Mumbai,54,2791
139,rahulkapoor139,Rahul Kapoor,rahulkapoor139@gmail.com,Lucknow,60,24385
140,adityakapoor140,Aditya Kapoor,adityakapoor140@gmail.com,Jaipur,18,27628
141,nehasingh141,Neha Singh,nehasingh141@gmail.com,Lucknow,41,41753
142,ishapatel142,Isha Patel,ishapatel142@gmail.com,Lucknow,29,48190
143,rohanverma143,Rohan Verma,rohanverma143@gmail.com,Amritsar,47,28645
144,aishaverma144,Aisha Verma,aishaverma144@gmail.com,Jaipur,33,5779
145,arjunjoshi145,Arjun Joshi,arjunjoshi145@gmail.com,Bengaluru,47,37445
146,devmehta146,Dev Mehta,devmehta146@gmail.com,Jaipur,19,32494
147,priyapatel147,Priya Patel,priyapatel147@gmail.com,Amritsar,31,23353
148,arjunkaur148,Arjun Kaur,arjunkaur148@gmail.com,Pune,56,46052
149,arjunkapoor149,Arjun Kapoor,arjunkapoor149@gmail.com,Delhi,51,12621
150,adityagupta150,Aditya Gupta,adityagupta150@gmail.com,Lucknow,49,36484
151,kabirjoshi151,Kabir Joshi,kabirjoshi151@gmail.com,Amritsar,46,1230
152,adityaverma152,Aditya Verma,adityaverma152@gmail.com,Bengaluru,43,45436
153,kabirverma153,Kabir Verma,kabirverma153@gmail.com,Jaipur,48,36372
154,rohankaur154,Rohan Kaur,rohankaur154@gmail.com,Lucknow,53,21778
155,rahuljoshi155,Rahul Joshi,rahuljoshi155@gmail.com,Pune,37,16575
156,kabirsingh156,Kabir Singh,kabirsingh156@gmail.com,Bengaluru,38,7935
157,simranpatel157,Simran Patel,simranpatel157@gmail.com,Bengaluru,31,48505
158,nehaverma158,Neha Verma,nehaverma158@gmail.com,Pune,24,12821
159,meeragupta159,Meera Gupta,meeragupta159@gmail.com,Jaipur,29,19909
160,aaravkapoor160,Aarav Kapoor,aaravkapoor160@gmail.com,Chandigarh,35,3082
161,vivaankapoor161,Vivaan Kapoor,vivaankapoor161@gmail.com,Pune,26,41903
162,nehasingh162,Neha Singh,nehasingh162@gmail.com,Delhi,54,18734
163,nehajoshi163,Neha Joshi,nehajoshi163@gmail.com,Amritsar,39,12182
164,vivaanverma164,Vivaan Verma,vivaanverma164@gmail.com,Amritsar,25,4382
165,snehajoshi165,Sneha Joshi,snehajoshi165@gmail.com,Mumbai,54,41351
166,vivaanpatel166,Vivaan Patel,vivaanpatel166@gmail.com,Chandigarh,54,20012
167,adityagupta167,Aditya Gupta,adityagupta167@gmail.com,Mumbai,53,27374
168,devmalhotra168,Dev Malhotra,devmalhotra168@gmail.com,Bengaluru,51,25028
169,ishajoshi169,Isha Joshi,ishajoshi169@gmail.com,Pune,55,28203
170,meeramalhotra170,Meera Malhotra,meeramalhotra170@gmail.com,Delhi,57,48602
171,ananyagupta171,Ananya Gupta,ananyagupta171@gmail.com,Bengaluru,34,43381
172,adityapatel172,Aditya Patel,adityapatel172@gmail.com,Bengaluru,29,36275
173,adityapatel173,Aditya Patel,adityapatel173@gmail.com,Delhi,44,29624
174,devjoshi174,Dev Joshi,devjoshi174@gmail.com,Pune,20,15270
175,meeraverma175,Meera Verma,meeraverma175@gmail.com,Amritsar,22,45148
176,kabirverma176,Kabir Verma,kabirverma176@gmail.com,Bengaluru,45,7621
177,simrangupta177,Simran Gupta,simrangupta177@gmail.com,Chandigarh,35,9421
178,adityasharma178,Aditya Sharma,adityasharma178@gmail.com,Chandigarh,37,39096
179,aishaverma179,Aisha Verma,aishaverma179@gmail.com,Amritsar,25,30816
180,meeramehta180,Meera Mehta,meeramehta180@gmail.com,Pune,50,35488
181,nehajoshi181,Neha Joshi,nehajoshi181@gmail.com,Mumbai,56,2712
182,karankaur182,Karan Kaur,karankaur182@gmail.com,Pune,19,6085
183,kabirmalhotra183,Kabir Malhotra,kabirmalhotra183@gmail.com,Delhi,35,37864
184,vivaanpatel184,Vivaan Patel,vivaanpatel184@gmail.com,Amritsar,51,42797
185,ishaverma185,Isha Verma,ishaverma185@gmail.com,Chandigarh,55,28666
186,nehasingh186,Neha Singh,nehasingh186@gmail.com,Amritsar,40,26861
187,priyakaur187,Priya Kaur,priyakaur187@gmail.com,Mumbai,28,21714
188,karanjoshi188,Karan Joshi,karanjoshi188@gmail.com,Pune,60,26344
189,simransharma189,Simran Sharma,simransharma189@gmail.com,Amritsar,23,20712
190,arjunkaur190,Arjun Kaur,arjunkaur190@gmail.com,Mumbai,43,33824
191,aaravkapoor191,Aarav Kapoor,aaravkapoor191@gmail.com,Amritsar,44,3652
192,riyakapoor192,Riya Kapoor,riyakapoor192@gmail.com,Jaipur,57,49674
193,nehajoshi193,Neha Joshi,nehajoshi193@gmail.com,Delhi,31,17601
194,simranpatel194,Simran Patel,simranpatel194@gmail.com,Pune,46,45860
195,nehasingh195,Neha Singh,nehasingh195@gmail.com,Delhi,58,40003
196,kabirpatel196,Kabir Patel,kabirpatel196@gmail.com,Pune,53,996
197,simranmehta197,Simran Mehta,simranmehta197@gmail.com,Mumbai,32,7535
198,ishasingh198,Isha Singh,ishasingh198@gmail.com,Chandigarh,49,47063
199,meerakapoor199,Meera Kapoor,meerakapoor199@gmail.com,Pune,44,31721
200,nehagupta200,Neha Gupta,nehagupta200@gmail.com,Amritsar,53,9579
201,snehagupta201,Sneha Gupta,snehagupta201@gmail.com,Chandigarh,22,18204
202,karankaur202,Karan Kaur,karankaur202@gmail.com,Pune,18,18636
203,meeramalhotra203,Meera Malhotra,meeramalhotra203@gmail.com,Amritsar,27,29364
204,simranjoshi204,Simran Joshi,simranjoshi204@gmail.com,Jaipur,39,36270
205,simranmehta205,Simran Mehta,simranmehta205@gmail.com,Amritsar,38,12463
206,kabirmalhotra206,Kabir Malhotra,kabirmalhotra206@gmail.com,Lucknow,32,27020
207,vivaankaur207,Vivaan Kaur,vivaankaur207@gmail.com,Amritsar,42,25402
208,diyajoshi208,Diya Joshi,diyajoshi208@gmail.com,Delhi,26,33018
209,aishakaur209,Aisha Kaur,aishakaur209@gmail.com,Mumbai,46,6634
210,rohanjoshi210,Rohan Joshi,rohanjoshi210@gmail.com,Delhi,27,26968
211,diyasingh211,Diya Singh,diyasingh211@gmail.com,Amritsar,34,22287
212,devmehta212,Dev Mehta,devmehta212@gmail.com,Mumbai,39,44294
213,simranmehta213,Simran Mehta,simranmehta213@gmail.com,Jaipur,58,47201
214,nehakapoor214,Neha Kapoor,nehakapoor214@gmail.com,Delhi,57,4584
215,kabirverma215,Kabir Verma,kabirverma215@gmail.com,Bengaluru,23,28540
216,ananyasingh216,Ananya Singh,ananyasingh216@gmail.com,Amritsar,28,45582
217,meerasharma217,Meera Sharma,meerasharma217@gmail.com,Delhi,38,3777
218,meerakaur218,Meera Kaur,meerakaur218@gmail.com,Jaipur,45,9640
219,kabirkapoor219,Kabir Kapoor,kabirkapoor219@gmail.com,Lucknow,54,44782
220,mahimapatel220,Mahima Patel,mahimapatel220@gmail.com,Chandigarh,23,40043
221,snehamalhotra221,Sneha Malhotra,snehamalhotra221@gmail.com,Bengaluru,49,38317
222,diyagupta222,Diya Gupta,diyagupta222@gmail.com,Amritsar,58,16744
223,ishaverma223,Isha Verma,ishaverma223@gmail.com,Delhi,47,18950
224,simranpatel224,Simran Patel,simranpatel224@gmail.com,Mumbai,46,22746
225,aishaverma225,Aisha Verma,aishaverma225@gmail.com,Lucknow,34,30039
226,meeragupta226,Meera Gupta,meeragupta226@gmail.com,Lucknow,48,7089
227,kabirmehta227,Kabir Mehta,kabirmehta227@gmail.com,Jaipur,54,19490
228,meerasharma228,Meera Sharma,meerasharma228@gmail.com,Lucknow,35,630
229,aishasharma229,Aisha Sharma,aishasharma229@gmail.com,Amritsar,36,15181
230,devkaur230,Dev Kaur,devkaur230@gmail.com,Bengaluru,58,12560
231,devverma231,Dev Verma,devverma231@gmail.com,Chandigarh,58,6467
232,vivaanverma232,Vivaan Verma,vivaanverma232@gmail.com,Amritsar,20,38082
233,rahulpatel233,Rahul Patel,rahulpatel233@gmail.com,Mumbai,36,21511
234,karanpatel234,Karan Patel,karanpatel234@gmail.com,Bengaluru,26,35450
235,rahulkapoor235,Rahul Kapoor,rahulkapoor235@gmail.com,Pune,28,16940
236,nehaverma236,Neha Verma,nehaverma236@gmail.com,Jaipur,25,30792
237,adityapatel237,Aditya Patel,adityapatel237@gmail.com,Bengaluru,43,36624
238,rahulsingh238,Rahul Singh,rahulsingh238@gmail.com,Lucknow,18,17431
239,simransingh239,Simran Singh,simransingh239@gmail.com,Amritsar,41,44194
240,arjunmalhotra240,Arjun Malhotra,arjunmalhotra240@gmail.com,Lucknow,58,24444
241,ananyagupta241,Ananya Gupta,ananyagupta241@gmail.com,Amritsar,19,40702
242,simrankaur242,Simran Kaur,simrankaur242@gmail.com,Bengaluru,59,4242
243,ishaverma243,Isha Verma,ishaverma243@gmail.com,Lucknow,25,9260
244,vivaansharma244,Vivaan Sharma,vivaansharma244@gmail.com,Pune,49,7710
245,ananyagupta245,Ananya Gupta,ananyagupta245@gmail.com,Chandigarh,42,29829
246,rahulkapoor246,Rahul Kapoor,rahulkapoor246@gmail.com,Lucknow,55,48745
247,diyamehta247,Diya Mehta,diyamehta247@gmail.com,Mumbai,49,40447
248,karanverma248,Karan Verma,karanverma248@gmail.com,Delhi,41,14338
249,ishajoshi249,Isha Joshi,ishajoshi249@gmail.com,Bengaluru,41,6611
250,rahulkapoor250,Rahul Kapoor,rahulkapoor250@gmail.com,Jaipur,21,26192
251,arjungupta251,Arjun Gupta,arjungupta251@gmail.com,Mumbai,47,6107
252,riyamalhotra252,Riya Malhotra,riyamalhotra252@gmail.com,Delhi,21,21956
253,kabirpatel253,Kabir Patel,kabirpatel253@gmail.com,Bengaluru,22,36420
254,riyamalhotra254,Riya Malhotra,riyamalhotra254@gmail.com,Bengaluru,32,21632
255,diyamalhotra255,Diya Malhotra,diyamalhotra255@gmail.com,Delhi,35,9582
256,diyakapoor256,Diya Kapoor,diyakapoor256@gmail.com,Pune,29,7304
257,aaravpatel257,Aarav Patel,aaravpatel257@gmail.com,Delhi,40,15693
258,aishakaur258,Aisha Kaur,aishakaur258@gmail.com,Delhi,29,17491
259,vivaanpatel259,Vivaan Patel,vivaanpatel259@gmail.com,Lucknow,51,7548
260,adityajoshi260,Aditya Joshi,adityajoshi260@gmail.com,Amritsar,41,33735
261,aishasingh261,Aisha Singh,aishasingh261@gmail.com,Amritsar,50,14619
262,devsharma262,Dev Sharma,devsharma262@gmail.com,Pune,47,42261
263,aaravsharma263,Aarav Sharma,aaravsharma263@gmail.com,Amritsar,43,28036
264,ananyajoshi264,Ananya Joshi,ananyajoshi264@gmail.com,Amritsar,22,5394
265,priyamalhotra265,Priya Malhotra,priyamalhotra265@gmail.com,Chandigarh,22,8370
266,arjunmalhotra266,Arjun Malhotra,arjunmalhotra266@gmail.com,Jaipur,42,39250
267,rohanverma267,Rohan Verma,rohanverma267@gmail.com,Amritsar,50,39777
268,karansingh268,Karan Singh,karansingh268@gmail.com,Mumbai,59,42758
269,simrangupta269,Simran Gupta,simrangupta269@gmail.com,Lucknow,46,15074
270,karankaur270,Karan Kaur,karankaur270@gmail.com,Amritsar,43,27362
271,ananyakaur271,Ananya Kaur,ananyakaur271@gmail.com,Lucknow,38,43688
272,arjunkaur272,Arjun Kaur,arjunkaur272@gmail.com,Chandigarh,48,4499
273,adityasingh273,Aditya Singh,adityasingh273@gmail.com,Mumbai,45,6428
274,rahulpatel274,Rahul Patel,rahulpatel274@gmail.com,Delhi,55,36904
275,simrankaur275,Simran Kaur,simrankaur275@gmail.com,Mumbai,44,23273
276,karansharma276,Karan Sharma,karansharma276@gmail.com,Pune,56,20576
277,rahulsingh277,Rahul Singh,rahulsingh277@gmail.com,Bengaluru,27,43139
278,nehagupta278,Neha Gupta,nehagupta278@gmail.com,Mumbai,40,36555
279,rahulsingh279,Rahul Singh,rahulsingh279@gmail.com,Pune,54,14921
280,karankapoor280,Karan Kapoor,karankapoor280@gmail.com,Delhi,56,43211
281,arjunsharma281,Arjun Sharma,arjunsharma281@gmail.com,Chandigarh,35,46152
282,meerakaur282,Meera Kaur,meerakaur282@gmail.com,Jaipur,18,11988
283,diyamalhotra283,Diya Malhotra,diyamalhotra283@gmail.com,Lucknow,22,9397
284,aaravsingh284,Aarav Singh,aaravsingh284@gmail.com,Bengaluru,42,27614
285,ishakaur285,Isha Kaur,ishakaur285@gmail.com,Chandigarh,41,20523
286,priyamalhotra286,Priya Malhotra,priyamalhotra286@gmail.com,Mumbai,21,10296
287,mahimamalhotra287,Mahima Malhotra,mahimamalhotra287@gmail.com,Delhi,23,17932
288,ishamehta288,Isha Mehta,ishamehta288@gmail.com,Amritsar,56,29069
289,karanverma289,Karan Verma,karanverma289@gmail.com,Bengaluru,50,7559
290,rahulmehta290,Rahul Mehta,rahulmehta290@gmail.com,Mumbai,36,44547
291,aishajoshi291,Aisha Joshi,aishajoshi291@gmail.com,Pune,20,14551
292,snehamalhotra292,Sneha Malhotra,snehamalhotra292@gmail.com,Delhi,18,13497
293,meeragupta293,Meera Gupta,meeragupta293@gmail.com,Chandigarh,34,19069
294,priyasingh294,Priya Singh,priyasingh294@gmail.com,Delhi,49,49056
295,karanpatel295,Karan Patel,karanpatel295@gmail.com,Chandigarh,42,35003
296,kabirkapoor296,Kabir Kapoor,kabirkapoor296@gmail.com,Jaipur,22,26122
297,vivaanmehta297,Vivaan Mehta,vivaanmehta297@gmail.com,Delhi,47,5202
298,priyamalhotra298,Priya Malhotra,priyamalhotra298@gmail.com,Lucknow,54,26604
299,karanverma299,Karan Verma,karanverma299@gmail.com,Mumbai,43,1466
300,priyapatel300,Priya Patel,priyapatel300@gmail.com,Amritsar,41,5875
301,karansingh301,Karan Singh,karansingh301@gmail.com,Bengaluru,45,38692
302,snehakapoor302,Sneha Kapoor,snehakapoor302@gmail.com,Mumbai,43,20434
303,priyagupta303,Priya Gupta,priyagupta303@gmail.com,Jaipur,28,5105
304,rohansingh304,Rohan Singh,rohansingh304@gmail.com,Bengaluru,40,23109
305,diyagupta305,Diya Gupta,diyagupta305@gmail.com,Mumbai,27,16875
306,riyapatel306,Riya Patel,riyapatel306@gmail.com,Chandigarh,59,5038
307,mahimajoshi307,Mahima Joshi,mahimajoshi307@gmail.com,Amritsar,54,49899
308,aishajoshi308,Aisha Joshi,aishajoshi308@gmail.com,Jaipur,58,20818
309,diyajoshi309,Diya Joshi,diyajoshi309@gmail.com,Mumbai,48,29080
310,meeraverma310,Meera Verma,meeraverma310@gmail.com,Delhi,40,33348
311,adityaverma311,Aditya Verma,adityaverma311@gmail.com,Amritsar,46,2564
312,vivaankaur312,Vivaan Kaur,vivaankaur312@gmail.com,Pune,22,42348
313,adityamalhotra313,Aditya Malhotra,adityamalhotra313@gmail.com,Lucknow,47,38132
314,simransharma314,Simran Sharma,simransharma314@gmail.com,Amritsar,54,42818
315,riyakaur315,Riya Kaur,riyakaur315@gmail.com,Amritsar,50,9986
316,vivaanjoshi316,Vivaan Joshi,vivaanjoshi316@gmail.com,Mumbai,39,46913
317,adityakapoor317,Aditya Kapoor,adityakapoor317@gmail.com,Chandigarh,20,16336
318,ishajoshi318,Isha Joshi,ishajoshi318@gmail.com,Chandigarh,41,24535
319,meeramehta319,Meera Mehta,meeramehta319@gmail.com,Lucknow,39,44592
320,devsharma320,Dev Sharma,devsharma320@gmail.com,Jaipur,22,21706
321,ananyakapoor321,Ananya Kapoor,ananyakapoor321@gmail.com,Lucknow,36,16614
322,devpatel322,Dev Patel,devpatel322@gmail.com,Jaipur,23,38290
323,diyakaur323,Diya Kaur,diyakaur323@gmail.com,Pune,59,45875
324,snehapatel324,Sneha Patel,snehapatel324@gmail.com,Mumbai,37,36729
325,snehakaur325,Sneha Kaur,snehakaur325@gmail.com,Chandigarh,60,46160
326,rohansingh326,Rohan Singh,rohansingh326@gmail.com,Lucknow,50,23812
327,aaravkaur327,Aarav Kaur,aaravkaur327@gmail.com,Pune,29,14137
328,priyajoshi328,Priya Joshi,priyajoshi328@gmail.com,Bengaluru,32,9115
329,diyasingh329,Diya Singh,diyasingh329@gmail.com,Pune,24,33371
330,simrankapoor330,Simran Kapoor,simrankapoor330@gmail.com,Delhi,60,22170
331,devpatel331,Dev Patel,devpatel331@gmail.com,Lucknow,27,10733
332,mahimamalhotra332,Mahima Malhotra,mahimamalhotra332@gmail.com,Chandigarh,46,2963
333,karankaur333,Karan Kaur,karankaur333@gmail.com,Bengaluru,46,40115
334,meerajoshi334,Meera Joshi,meerajoshi334@gmail.com,Bengaluru,52,15774
335,meerajoshi335,Meera Joshi,meerajoshi335@gmail.com,Bengaluru,41,44553
336,aishajoshi336,Aisha Joshi,aishajoshi336@gmail.com,Amritsar,36,25126
337,rohankapoor337,Rohan Kapoor,rohankapoor337@gmail.com,Lucknow,28,13187
338,devpatel338,Dev Patel,devpatel338@gmail.com,Pune,21,42120
339,nehakaur339,Neha Kaur,nehakaur339@gmail.com,Mumbai,51,8270
340,meerasingh340,Meera Singh,meerasingh340@gmail.com,Chandigarh,35,29546
341,rohanpatel341,Rohan Patel,rohanpatel341@gmail.com,Lucknow,23,14651
342,ishakaur342,Isha Kaur,ishakaur342@gmail.com,Delhi,44,3590
343,snehakapoor343,Sneha Kapoor,snehakapoor343@gmail.com,Jaipur,33,25407
344,adityakaur344,Aditya Kaur,adityakaur344@gmail.com,Bengaluru,19,20985
345,ananyakaur345,Ananya Kaur,ananyakaur345@gmail.com,Chandigarh,26,2610
346,meerajoshi346,Meera Joshi,meerajoshi346@gmail.com,Chandigarh,48,29499
347,devsharma347,Dev Sharma,devsharma347@gmail.com,Mumbai,19,16872
348,riyapatel348,Riya Patel,riyapatel348@gmail.com,Lucknow,25,18981
349,kabirverma349,Kabir Verma,kabirverma349@gmail.com,Mumbai,21,15726
350,karanmalhotra350,Karan Malhotra,karanmalhotra350@gmail.com,Amritsar,22,7365
351,nehamalhotra351,Neha Malhotra,nehamalhotra351@gmail.com,Delhi,58,33875
352,aishagupta352,Aisha Gupta,aishagupta352@gmail.com,Chandigarh,36,28230
353,aaravmalhotra353,Aarav Malhotra,aaravmalhotra353@gmail.com,Jaipur,33,37499
354,karanpatel354,Karan Patel,karanpatel354@gmail.com,Mumbai,51,23732
355,adityakapoor355,Aditya Kapoor,adityakapoor355@gmail.com,Delhi,42,30910
356,vivaanmehta356,Vivaan Mehta,vivaanmehta356@gmail.com,Jaipur,34,49076
357,aaravkaur357,Aarav Kaur,aaravkaur357@gmail.com,Mumbai,40,15902
358,ananyamalhotra358,Ananya Malhotra,ananyamalhotra358@gmail.com,Jaipur,26,3005
359,rahulkapoor359,Rahul Kapoor,rahulkapoor359@gmail.com,Jaipur,59,11574
360,ishajoshi360,Isha Joshi,ishajoshi360@gmail.com,Chandigarh,26,4235
361,ishasharma361,Isha Sharma,ishasharma361@gmail.com,Pune,30,2970
362,riyasharma362,Riya Sharma,riyasharma362@gmail.com,Jaipur,37,33876
363,snehakapoor363,Sneha Kapoor,snehakapoor363@gmail.com,Amritsar,34,2499
364,riyaverma364,Riya Verma,riyaverma364@gmail.com,Jaipur,21,43074
365,priyaverma365,Priya Verma,priyaverma365@gmail.com,Mumbai,41,28736
366,snehajoshi366,Sneha Joshi,snehajoshi366@gmail.com,Lucknow,39,12343
367,nehajoshi367,Neha Joshi,nehajoshi367@gmail.com,Jaipur,51,17579
368,adityamehta368,Aditya Mehta,adityamehta368@gmail.com,Mumbai,45,39582
369,mahimakapoor369,Mahima Kapoor,mahimakapoor369@gmail.com,Pune,38,6823
370,adityakaur370,Aditya Kaur,adityakaur370@gmail.com,Pune,37,29323
371,devmehta371,Dev Mehta,devmehta371@gmail.com,Chandigarh,46,23138
372,ishasharma372,Isha Sharma,ishasharma372@gmail.com,Jaipur,57,28604
373,arjunsharma373,Arjun Sharma,arjunsharma373@gmail.com,Mumbai,60,41880
374,snehakaur374,Sneha Kaur,snehakaur374@gmail.com,Chandigarh,19,9457
375,devjoshi375,Dev Joshi,devjoshi375@gmail.com,Delhi,26,4506
376,kabirkaur376,Kabir Kaur,kabirkaur376@gmail.com,Jaipur,42,37274
377,vivaanmalhotra377,Vivaan Malhotra,vivaanmalhotra377@gmail.com,Chandigarh,46,24411
378,rahuljoshi378,Rahul Joshi,rahuljoshi378@gmail.com,Mumbai,54,9123
379,rohankaur379,Rohan Kaur,rohankaur379@gmail.com,Lucknow,38,42669
380,arjungupta380,Arjun Gupta,arjungupta380@gmail.com,Mumbai,19,48313
381,mahimajoshi381,Mahima Joshi,mahimajoshi381@gmail.com,Lucknow,53,7817
382,arjunverma382,Arjun Verma,arjunverma382@gmail.com,Amritsar,31,40199
383,meerajoshi383,Meera Joshi,meerajoshi383@gmail.com,Bengaluru,25,8995
384,adityajoshi384,Aditya Joshi,adityajoshi384@gmail.com,Chandigarh,46,5853
385,priyakaur385,Priya Kaur,priyakaur385@gmail.com,Mumbai,53,35631
386,meeraverma386,Meera Verma,meeraverma386@gmail.com,Chandigarh,58,11509
387,rahulkapoor387,Rahul Kapoor,rahulkapoor387@gmail.com,Bengaluru,25,13271
388,diyagupta388,Diya Gupta,diyagupta388@gmail.com,Amritsar,19,23751
389,simranmalhotra389,Simran Malhotra,simranmalhotra389@gmail.com,Jaipur,47,36252
390,diyamalhotra390,Diya Malhotra,diyamalhotra390@gmail.com,Mumbai,22,20369
391,snehajoshi391,Sneha Joshi,snehajoshi391@gmail.com,Lucknow,44,37776
392,adityapatel392,Aditya Patel,adityapatel392@gmail.com,Jaipur,59,4960
393,ishajoshi393,Isha Joshi,ishajoshi393@gmail.com,Jaipur,26,36230
394,aishapatel394,Aisha Patel,aishapatel394@gmail.com,Chandigarh,45,33055
395,vivaansingh395,Vivaan Singh,vivaansingh395@gmail.com,Chandigarh,37,10890
396,mahimakaur396,Mahima Kaur,mahimakaur396@gmail.com,Bengaluru,40,34106
397,meerasingh397,Meera Singh,meerasingh397@gmail.com,Pune,30,41719
398,simranverma398,Simran Verma,simranverma398@gmail.com,Chandigarh,58,19945
399,devkapoor399,Dev Kapoor,devkapoor399@gmail.com,Mumbai,50,42107
400,mahimamalhotra400,Mahima Malhotra,mahimamalhotra400@gmail.com,Chandigarh,28,43270
401,devmalhotra401,Dev Malhotra,devmalhotra401@gmail.com,Jaipur,54,2799
402,aaravsingh402,Aarav Singh,aaravsingh402@gmail.com,Delhi,59,37899
403,arjungupta403,Arjun Gupta,arjungupta403@gmail.com,Lucknow,57,41976
404,aaravjoshi404,Aarav Joshi,aaravjoshi404@gmail.com,Pune,59,19898
405,nehagupta405,Neha Gupta,nehagupta405@gmail.com,Lucknow,37,29823
406,adityasharma406,Aditya Sharma,adityasharma406@gmail.com,Chandigarh,46,27338
407,nehajoshi407,Neha Joshi,nehajoshi407@gmail.com,Bengaluru,39,39858
408,diyakaur408,Diya Kaur,diyakaur408@gmail.com,Jaipur,40,26230
409,diyakaur409,Diya Kaur,diyakaur409@gmail.com,Mumbai,38,15942
410,ishasingh410,Isha Singh,ishasingh410@gmail.com,Pune,46,16347
411,diyasingh411,Diya Singh,diyasingh411@gmail.com,Delhi,36,25275
412,devmehta412,Dev Mehta,devmehta412@gmail.com,Bengaluru,28,21558
413,aishakaur413,Aisha Kaur,aishakaur413@gmail.com,Bengaluru,28,32754
414,rohanjoshi414,Rohan Joshi,rohanjoshi414@gmail.com,Amritsar,37,32695
415,aaravsingh415,Aarav Singh,aaravsingh415@gmail.com,Lucknow,50,30065
416,kabirgupta416,Kabir Gupta,kabirgupta416@gmail.com,Jaipur,21,3412
417,meerajoshi417,Meera Joshi,meerajoshi417@gmail.com,Amritsar,36,35272
418,aaravsingh418,Aarav Singh,aaravsingh418@gmail.com,Lucknow,26,17432
419,rahulmehta419,Rahul Mehta,rahulmehta419@gmail.com,Jaipur,20,26352
420,vivaanmalhotra420,Vivaan Malhotra,vivaanmalhotra420@gmail.com,Bengaluru,41,36356
421,meerasingh421,Meera Singh,meerasingh421@gmail.com,Lucknow,50,29614
422,simranverma422,Simran Verma,simranverma422@gmail.com,Mumbai,26,6436
423,snehakaur423,Sneha Kaur,snehakaur423@gmail.com,Jaipur,53,24060
424,diyagupta424,Diya Gupta,diyagupta424@gmail.com,Lucknow,50,2738
425,vivaansharma425,Vivaan Sharma,vivaansharma425@gmail.com,Chandigarh,39,31147
426,rohanjoshi426,Rohan Joshi,rohanjoshi426@gmail.com,Chandigarh,56,33884
427,diyakaur427,Diya Kaur,diyakaur427@gmail.com,Jaipur,28,25852
428,devverma428,Dev Verma,devverma428@gmail.com,Jaipur,50,33504
429,simranjoshi429,Simran Joshi,simranjoshi429@gmail.com,Pune,48,1190
430,rahulkaur430,Rahul Kaur,rahulkaur430@gmail.com,Mumbai,44,38353
431,meerasharma431,Meera Sharma,meerasharma431@gmail.com,Amritsar,34,43064
432,aishamalhotra432,Aisha Malhotra,aishamalhotra432@gmail.com,Bengaluru,21,38341
433,nehapatel433,Neha Patel,nehapatel433@gmail.com,Lucknow,27,44712
434,kabirsharma434,Kabir Sharma,kabirsharma434@gmail.com,Mumbai,30,1341
435,ishakaur435,Isha Kaur,ishakaur435@gmail.com,Lucknow,27,27163
436,riyamehta436,Riya Mehta,riyamehta436@gmail.com,Amritsar,21,46353
437,diyakapoor437,Diya Kapoor,diyakapoor437@gmail.com,Bengaluru,53,21402
438,nehakapoor438,Neha Kapoor,nehakapoor438@gmail.com,Lucknow,38,11449
439,ishakapoor439,Isha Kapoor,ishakapoor439@gmail.com,Jaipur,52,23318
440,arjunmalhotra440,Arjun Malhotra,arjunmalhotra440@gmail.com,Amritsar,30,16255
441,arjunkapoor441,Arjun Kapoor,arjunkapoor441@gmail.com,Pune,32,19604
442,meeragupta442,Meera Gupta,meeragupta442@gmail.com,Amritsar,38,31544
443,rahulkapoor443,Rahul Kapoor,rahulkapoor443@gmail.com,Pune,36,8087
444,aishakapoor444,Aisha Kapoor,aishakapoor444@gmail.com,Lucknow,43,22718
445,diyaverma445,Diya Verma,diyaverma445@gmail.com,Delhi,36,46901
446,adityakaur446,Aditya Kaur,adityakaur446@gmail.com,Amritsar,59,16906
447,nehagupta447,Neha Gupta,nehagupta447@gmail.com,Bengaluru,52,17868
448,simranverma448,Simran Verma,simranverma448@gmail.com,Chandigarh,24,40449
449,aishagupta449,Aisha Gupta,aishagupta449@gmail.com,Bengaluru,21,43998
450,rohangupta450,Rohan Gupta,rohangupta450@gmail.com,Bengaluru,21,6666
451,karankaur451,Karan Kaur,karankaur451@gmail.com,Amritsar,24,44742
452,diyasharma452,Diya Sharma,diyasharma452@gmail.com,Chandigarh,44,42887
453,nehajoshi453,Neha Joshi,nehajoshi453@gmail.com,Bengaluru,36,21148
454,meerasharma454,Meera Sharma,meerasharma454@gmail.com,Mumbai,59,37726
455,kabirkapoor455,Kabir Kapoor,kabirkapoor455@gmail.com,Delhi,29,27486
456,mahimasharma456,Mahima Sharma,mahimasharma456@gmail.com,Lucknow,49,12310
457,meerasharma457,Meera Sharma,meerasharma457@gmail.com,Delhi,37,37321
458,devsingh458,Dev Singh,devsingh458@gmail.com,Jaipur,36,29876
459,simrankapoor459,Simran Kapoor,simrankapoor459@gmail.com,Amritsar,26,33144
460,ishaverma460,Isha Verma,ishaverma460@gmail.com,Bengaluru,25,21771
461,mahimajoshi461,Mahima Joshi,mahimajoshi461@gmail.com,Pune,29,1023
462,priyaverma462,Priya Verma,priyaverma462@gmail.com,Bengaluru,29,40139
463,snehamehta463,Sneha Mehta,snehamehta463@gmail.com,Jaipur,23,26369
464,ananyapatel464,Ananya Patel,ananyapatel464@gmail.com,Chandigarh,48,21307
465,kabirsharma465,Kabir Sharma,kabirsharma465@gmail.com,Pune,42,15535
466,ishaverma466,Isha Verma,ishaverma466@gmail.com,Jaipur,37,38272
467,aishasharma467,Aisha Sharma,aishasharma467@gmail.com,Pune,59,23663
468,kabirsharma468,Kabir Sharma,kabirsharma468@gmail.com,Mumbai,47,20206
469,mahimamehta469,Mahima Mehta,mahimamehta469@gmail.com,Pune,25,41958
470,meerakaur470,Meera Kaur,meerakaur470@gmail.com,Bengaluru,32,8853
471,nehapatel471,Neha Patel,nehapatel471@gmail.com,Amritsar,56,24585
472,karankapoor472,Karan Kapoor,karankapoor472@gmail.com,Amritsar,52,43622
473,riyagupta473,Riya Gupta,riyagupta473@gmail.com,Mumbai,51,29378
474,rohankaur474,Rohan Kaur,rohankaur474@gmail.com,Mumbai,54,7453
475,vivaankapoor475,Vivaan Kapoor,vivaankapoor475@gmail.com,Bengaluru,54,35270
476,diyapatel476,Diya Patel,diyapatel476@gmail.com,Jaipur,51,29056
477,ananyagupta477,Ananya Gupta,ananyagupta477@gmail.com,Amritsar,23,33547
478,ishasharma478,Isha Sharma,ishasharma478@gmail.com,Amritsar,26,33736
479,karanjoshi479,Karan Joshi,karanjoshi479@gmail.com,Delhi,53,30402
480,meerasharma480,Meera Sharma,meerasharma480@gmail.com,Lucknow,34,297
481,riyamalhotra481,Riya Malhotra,riyamalhotra481@gmail.com,Mumbai,20,27867
482,rahulsingh482,Rahul Singh,rahulsingh482@gmail.com,Delhi,22,31037
483,vivaanverma483,Vivaan Verma,vivaanverma483@gmail.com,Lucknow,29,8975
484,karankaur484,Karan Kaur,karankaur484@gmail.com,Lucknow,46,24839
485,snehasingh485,Sneha Singh,snehasingh485@gmail.com,Chandigarh,59,22891
486,ananyapatel486,Ananya Patel,ananyapatel486@gmail.com,Lucknow,51,8445
487,kabirsharma487,Kabir Sharma,kabirsharma487@gmail.com,Delhi,37,30443
488,simranmehta488,Simran Mehta,simranmehta488@gmail.com,Lucknow,32,16320
489,ishakaur489,Isha Kaur,ishakaur489@gmail.com,Chandigarh,35,12452
490,ananyasharma490,Ananya Sharma,ananyasharma490@gmail.com,Lucknow,57,1125
491,kabirgupta491,Kabir Gupta,kabirgupta491@gmail.com,Mumbai,24,39024
492,vivaanjoshi492,Vivaan Joshi,vivaanjoshi492@gmail.com,Delhi,33,48632
493,vivaanmehta493,Vivaan Mehta,vivaanmehta493@gmail.com,Amritsar,32,35473
494,riyasharma494,Riya Sharma,riyasharma494@gmail.com,Chandigarh,50,19057
495,kabirmalhotra495,Kabir Malhotra,kabirmalhotra495@gmail.com,Jaipur,54,39285
496,priyagupta496,Priya Gupta,priyagupta496@gmail.com,Pune,27,43367
497,rohangupta497,Rohan Gupta,rohangupta497@gmail.com,Lucknow,37,18132
498,vivaankapoor498,Vivaan Kapoor,vivaankapoor498@gmail.com,Chandigarh,58,44582
499,karankapoor499,Karan Kapoor,karankapoor499@gmail.com,Amritsar,21,22671
500,snehakapoor500,Sneha Kapoor,snehakapoor500@gmail.com,Jaipur,44,26855
