AttendanceID,StudentID,CourseID,Date,Status
A00001,S161,C011,2025-02-08,Present
A00002,S121,C015,2025-06-11,Present
A00003,S071,C019,2025-01-15,Present
A00004,S019,C010,2025-04-29,Present
A00005,S015,C012,2025-03-15,Present
A00006,S024,C020,2025-06-02,Present
A00007,S119,C019,2025-05-22,Absent
A00008,S190,C002,2025-04-26,Absent
A00009,S147,C007,2025-03-24,Present
A00010,S129,C005,2025-01-16,Present
A00011,S088,C003,2025-05-10,Present
A00012,S011,C008,2025-04-23,Absent
A00013,S135,C017,2025-06-06,Present
A00014,S096,C010,2025-04-10,Present
A00015,S087,C020,2025-01-14,Present
A00016,S166,C011,2025-01-17,Present
A00017,S143,C013,2025-03-14,Present
A00018,S169,C020,2025-02-08,Present
A00019,S150,C005,2025-03-31,Present
A00020,S168,C013,2025-02-03,Present
A00021,S022,C010,2025-05-24,Present
A00022,S085,C005,2025-06-21,Present
A00023,S190,C017,2025-01-24,Present
A00024,S109,C017,2025-04-03,Present
A00025,S080,C006,2025-02-24,Present
A00026,S197,C016,2025-02-19,Present
A00027,S036,C005,2025-01-20,Present
A00028,S026,C017,2025-05-19,Present
A00029,S135,C002,2025-06-19,Present
A00030,S197,C020,2025-02-03,Present
A00031,S040,C006,2025-02-16,Present
A00032,S198,C020,2025-02-12,Present
A00033,S012,C014,2025-04-04,Present
A00034,S061,C015,2025-06-06,Present
A00035,S192,C015,2025-03-01,Present
A00036,S080,C016,2025-02-19,Present
A00037,S147,C015,2025-04-29,Present
A00038,S200,C013,2025-05-09,Present
A00039,S042,C007,2025-06-04,Present
A00040,S065,C002,2025-06-14,Present
A00041,S096,C018,2025-01-27,Present
A00042,S133,C004,2025-03-14,Present
A00043,S042,C009,2025-04-26,Absent
A00044,S038,C014,2025-01-24,Absent
A00045,S057,C015,2025-03-31,Absent
A00046,S107,C002,2025-04-12,Present
A00047,S061,C013,2025-01-21,Present
A00048,S008,C011,2025-01-26,Present
A00049,S167,C011,2025-02-07,Present
A00050,S074,C016,2025-06-28,Present
A00051,S195,C016,2025-04-25,Present
A00052,S021,C001,2025-03-07,Present
A00053,S039,C018,2025-06-05,Present
A00054,S029,C010,2025-03-02,Present
A00055,S013,C008,2025-04-18,Present
A00056,S160,C015,2025-01-17,Present
A00057,S128,C020,2025-05-18,Present
A00058,S132,C019,2025-03-03,Present
A00059,S075,C014,2025-01-01,Present
A00060,S062,C019,2025-04-17,Present
A00061,S172,C003,2025-05-15,Absent
A00062,S018,C017,2025-05-20,Present
A00063,S130,C018,2025-01-06,Present
A00064,S121,C002,2025-06-12,Present
A00065,S096,C009,2025-01-05,Present
A00066,S018,C012,2025-03-03,Present
A00067,S161,C004,2025-05-29,Present
A00068,S086,C005,2025-01-12,Present
A00069,S087,C006,2025-06-25,Present
A00070,S179,C016,2025-06-11,Present
A00071,S035,C003,2025-04-28,Present
A00072,S052,C002,2025-02-21,Absent
A00073,S081,C010,2025-05-12,Present
A00074,S140,C016,2025-03-06,Present
A00075,S166,C007,2025-03-15,Present
A00076,S200,C002,2025-06-17,Present
A00077,S032,C012,2025-04-22,Absent
A00078,S191,C015,2025-04-09,Present
A00079,S048,C016,2025-06-27,Present
A00080,S133,C009,2025-01-22,Present
A00081,S021,C014,2025-06-04,Absent
A00082,S047,C018,2025-03-17,Present
A00083,S021,C011,2025-06-19,Present
A00084,S115,C020,2025-04-20,Present
A00085,S114,C012,2025-04-25,Present
A00086,S091,C020,2025-04-22,Present
A00087,S015,C003,2025-06-21,Present
A00088,S094,C017,2025-06-23,Present
A00089,S008,C005,2025-06-05,Present
A00090,S113,C002,2025-02-02,Present
A00091,S200,C012,2025-04-03,Present
A00092,S146,C002,2025-06-04,Present
A00093,S116,C012,2025-04-06,Present
A00094,S020,C019,2025-02-05,Present
A00095,S102,C011,2025-06-16,Present
A00096,S030,C001,2025-02-17,Present
A00097,S100,C018,2025-01-31,Present
A00098,S067,C015,2025-02-24,Absent
A00099,S074,C016,2025-02-21,Present
A00100,S019,C015,2025-02-14,Absent
A00101,S114,C003,2025-06-24,Absent
A00102,S082,C012,2025-01-17,Present
A00103,S075,C010,2025-02-10,Present
A00104,S180,C006,2025-04-03,Present
A00105,S032,C007,2025-02-05,Present
A00106,S127,C001,2025-04-03,Present
A00107,S095,C015,2025-05-22,Present
A00108,S023,C003,2025-03-21,Present
A00109,S184,C016,2025-05-15,Present
A00110,S105,C019,2025-01-19,Present
A00111,S082,C003,2025-04-26,Present
A00112,S133,C012,2025-02-02,Absent
A00113,S200,C018,2025-06-13,Present
A00114,S197,C005,2025-04-21,Present
A00115,S015,C004,2025-05-13,Present
A00116,S043,C006,2025-03-24,Absent
A00117,S058,C012,2025-05-13,Absent
A00118,S021,C009,2025-02-20,Present
A00119,S142,C009,2025-02-02,Present
A00120,S158,C018,2025-01-24,Present
A00121,S044,C019,2025-05-29,Present
A00122,S169,C020,2025-06-04,Present
A00123,S145,C002,2025-01-08,Present
A00124,S165,C019,2025-03-09,Present
A00125,S197,C019,2025-04-17,Present
A00126,S008,C016,2025-06-10,Present
A00127,S165,C010,2025-05-04,Present
A00128,S176,C013,2025-03-18,Present
A00129,S177,C002,2025-02-10,Present
A00130,S124,C015,2025-02-22,Present
A00131,S037,C011,2025-03-23,Present
A00132,S089,C013,2025-02-03,Present
A00133,S132,C018,2025-01-28,Present
A00134,S120,C004,2025-03-10,Present
A00135,S037,C004,2025-01-13,Present
A00136,S099,C020,2025-04-18,Present
A00137,S041,C011,2025-05-28,Present
A00138,S049,C006,2025-05-08,Absent
A00139,S120,C016,2025-03-20,Present
A00140,S024,C013,2025-05-10,Present
A00141,S062,C007,2025-05-30,Present
A00142,S013,C010,2025-05-07,Present
A00143,S168,C016,2025-03-15,Present
A00144,S028,C014,2025-02-04,Absent
A00145,S187,C012,2025-04-14,Present
A00146,S103,C002,2025-05-26,Present
A00147,S093,C018,2025-03-15,Present
A00148,S130,C015,2025-05-21,Present
A00149,S160,C020,2025-01-31,Present
A00150,S025,C013,2025-04-06,Present
A00151,S087,C018,2025-04-04,Present
A00152,S051,C020,2025-05-11,Present
A00153,S011,C002,2025-01-10,Present
A00154,S086,C016,2025-05-13,Present
A00155,S156,C017,2025-02-05,Present
A00156,S157,C011,2025-02-11,Present
A00157,S158,C010,2025-06-01,Present
A00158,S131,C018,2025-05-06,Present
A00159,S077,C016,2025-01-05,Present
A00160,S173,C004,2025-04-17,Present
A00161,S186,C001,2025-06-02,Present
A00162,S168,C019,2025-05-28,Present
A00163,S014,C019,2025-05-03,Present
A00164,S162,C020,2025-04-08,Present
A00165,S175,C008,2025-01-09,Present
A00166,S180,C004,2025-02-18,Present
A00167,S081,C014,2025-02-08,Present
A00168,S053,C014,2025-05-09,Present
A00169,S121,C002,2025-06-30,Present
A00170,S054,C018,2025-03-25,Absent
A00171,S123,C017,2025-04-07,Present
A00172,S045,C015,2025-05-17,Present
A00173,S091,C009,2025-06-06,Present
A00174,S064,C009,2025-05-23,Present
A00175,S077,C010,2025-06-30,Present
A00176,S181,C016,2025-03-23,Present
A00177,S144,C009,2025-03-15,Present
A00178,S174,C018,2025-04-08,Absent
A00179,S102,C012,2025-02-07,Present
A00180,S074,C003,2025-03-30,Absent
A00181,S168,C009,2025-05-03,Present
A00182,S138,C009,2025-05-24,Present
A00183,S036,C004,2025-06-07,Present
A00184,S062,C008,2025-01-13,Present
A00185,S136,C008,2025-06-13,Present
A00186,S026,C014,2025-03-26,Present
A00187,S026,C005,2025-01-02,Absent
A00188,S041,C014,2025-06-17,Absent
A00189,S122,C016,2025-06-16,Present
A00190,S074,C011,2025-03-15,Present
A00191,S197,C003,2025-06-16,Present
A00192,S137,C002,2025-02-14,Present
A00193,S046,C002,2025-04-12,Present
A00194,S048,C010,2025-01-10,Present
A00195,S146,C020,2025-01-28,Absent
A00196,S086,C010,2025-04-27,Absent
A00197,S140,C017,2025-05-07,Absent
A00198,S035,C017,2025-04-30,Present
A00199,S029,C011,2025-02-11,Present
A00200,S166,C009,2025-02-17,Present
A00201,S087,C010,2025-05-26,Present
A00202,S050,C006,2025-06-06,Absent
A00203,S104,C014,2025-05-12,Present
A00204,S103,C004,2025-02-17,Absent
A00205,S123,C011,2025-03-05,Present
A00206,S099,C008,2025-04-25,Present
A00207,S085,C010,2025-05-30,Present
A00208,S003,C009,2025-06-17,Present
A00209,S061,C002,2025-06-20,Present
A00210,S079,C006,2025-04-14,Present
A00211,S181,C010,2025-06-26,Present
A00212,S076,C012,2025-06-07,Present
A00213,S035,C016,2025-02-09,Present
A00214,S156,C012,2025-04-17,Present
A00215,S121,C018,2025-06-20,Present
A00216,S196,C008,2025-06-24,Present
A00217,S021,C017,2025-04-25,Present
A00218,S093,C003,2025-05-25,Present
A00219,S141,C017,2025-02-21,Present
A00220,S039,C006,2025-03-25,Absent
A00221,S114,C004,2025-06-24,Present
A00222,S150,C016,2025-01-24,Absent
A00223,S115,C002,2025-04-27,Present
A00224,S107,C015,2025-05-25,Present
A00225,S119,C010,2025-01-06,Present
A00226,S001,C007,2025-05-29,Present
A00227,S109,C012,2025-06-29,Present
A00228,S016,C003,2025-05-01,Present
A00229,S105,C006,2025-02-04,Present
A00230,S187,C014,2025-04-06,Absent
A00231,S098,C015,2025-04-07,Present
A00232,S175,C018,2025-02-04,Present
A00233,S090,C004,2025-02-15,Absent
A00234,S101,C017,2025-02-02,Present
A00235,S058,C001,2025-01-06,Absent
A00236,S119,C018,2025-04-19,Present
A00237,S059,C008,2025-04-28,Present
A00238,S071,C007,2025-01-29,Present
A00239,S170,C014,2025-06-07,Present
A00240,S005,C008,2025-02-22,Present
A00241,S153,C002,2025-04-25,Present
A00242,S181,C002,2025-03-04,Present
A00243,S103,C015,2025-03-01,Present
A00244,S194,C002,2025-02-05,Present
A00245,S075,C008,2025-05-28,Present
A00246,S154,C011,2025-03-02,Present
A00247,S037,C017,2025-02-26,Present
A00248,S071,C002,2025-05-23,Absent
A00249,S189,C006,2025-06-10,Present
A00250,S143,C016,2025-01-13,Absent
A00251,S165,C013,2025-05-15,Present
A00252,S107,C014,2025-02-08,Present
A00253,S048,C018,2025-05-02,Present
A00254,S058,C010,2025-02-06,Present
A00255,S015,C018,2025-04-16,Absent
A00256,S143,C017,2025-02-04,Present
A00257,S066,C007,2025-03-26,Present
A00258,S116,C012,2025-01-24,Present
A00259,S049,C002,2025-03-10,Present
A00260,S155,C020,2025-01-11,Absent
A00261,S049,C019,2025-06-21,Present
A00262,S123,C007,2025-03-27,Present
A00263,S004,C007,2025-02-18,Absent
A00264,S031,C016,2025-03-04,Present
A00265,S181,C007,2025-04-12,Absent
A00266,S142,C011,2025-03-14,Present
A00267,S137,C012,2025-03-20,Present
A00268,S132,C016,2025-04-30,Present
A00269,S185,C016,2025-03-23,Absent
A00270,S095,C011,2025-04-16,Present
A00271,S057,C005,2025-01-05,Present
A00272,S150,C019,2025-04-17,Present
A00273,S051,C011,2025-02-28,Present
A00274,S063,C016,2025-05-21,Present
A00275,S176,C011,2025-03-07,Present
A00276,S126,C016,2025-04-28,Present
A00277,S091,C006,2025-02-05,Present
A00278,S126,C006,2025-05-19,Absent
A00279,S016,C017,2025-01-09,Present
A00280,S020,C002,2025-01-02,Present
A00281,S162,C008,2025-01-18,Present
A00282,S003,C007,2025-05-10,Present
A00283,S016,C020,2025-06-13,Present
A00284,S158,C016,2025-06-18,Present
A00285,S002,C018,2025-05-22,Present
A00286,S005,C017,2025-03-12,Present
A00287,S074,C001,2025-05-09,Present
A00288,S173,C014,2025-02-15,Present
A00289,S025,C017,2025-02-08,Present
A00290,S159,C017,2025-03-06,Present
A00291,S069,C013,2025-01-21,Present
A00292,S104,C015,2025-05-25,Present
A00293,S179,C008,2025-03-18,Present
A00294,S021,C002,2025-01-24,Present
A00295,S097,C018,2025-05-02,Present
A00296,S003,C006,2025-01-22,Present
A00297,S112,C011,2025-05-25,Absent
A00298,S025,C017,2025-01-11,Present
A00299,S178,C019,2025-05-02,Present
A00300,S020,C009,2025-05-20,Present
A00301,S009,C006,2025-03-22,Present
A00302,S054,C019,2025-02-06,Present
A00303,S183,C013,2025-01-20,Present
A00304,S145,C008,2025-05-26,Present
A00305,S100,C018,2025-03-26,Present
A00306,S190,C005,2025-06-26,Present
A00307,S129,C012,2025-01-14,Present
A00308,S060,C003,2025-03-29,Present
A00309,S158,C020,2025-04-12,Absent
A00310,S084,C001,2025-06-12,Present
A00311,S116,C016,2025-02-28,Present
A00312,S097,C014,2025-02-17,Present
A00313,S170,C013,2025-01-22,Present
A00314,S076,C008,2025-01-19,Present
A00315,S040,C013,2025-06-12,Present
A00316,S100,C011,2025-04-03,Present
A00317,S002,C010,2025-04-24,Present
A00318,S070,C004,2025-02-03,Present
A00319,S111,C015,2025-05-23,Present
A00320,S105,C004,2025-01-07,Present
A00321,S142,C003,2025-06-02,Present
A00322,S084,C013,2025-01-04,Present
A00323,S100,C003,2025-05-24,Absent
A00324,S063,C019,2025-05-14,Present
A00325,S098,C006,2025-02-05,Present
A00326,S069,C016,2025-02-07,Present
A00327,S112,C009,2025-04-18,Present
A00328,S020,C012,2025-03-06,Absent
A00329,S185,C016,2025-06-02,Present
A00330,S118,C004,2025-02-04,Present
A00331,S102,C011,2025-06-08,Present
A00332,S085,C015,2025-03-27,Present
A00333,S167,C020,2025-02-04,Present
A00334,S155,C007,2025-05-03,Present
A00335,S102,C011,2025-03-16,Present
A00336,S163,C016,2025-05-28,Present
A00337,S084,C013,2025-03-13,Present
A00338,S101,C012,2025-01-30,Absent
A00339,S052,C019,2025-05-20,Present
A00340,S197,C018,2025-01-07,Absent
A00341,S119,C007,2025-04-23,Present
A00342,S178,C003,2025-04-15,Present
A00343,S036,C010,2025-03-03,Present
A00344,S040,C014,2025-04-07,Present
A00345,S154,C016,2025-05-30,Present
A00346,S130,C014,2025-05-20,Present
A00347,S093,C018,2025-06-02,Present
A00348,S022,C004,2025-03-05,Present
A00349,S091,C006,2025-06-15,Present
A00350,S145,C013,2025-03-26,Absent
A00351,S111,C004,2025-01-03,Present
A00352,S057,C017,2025-05-13,Present
A00353,S177,C019,2025-02-26,Present
A00354,S101,C015,2025-06-23,Present
A00355,S129,C005,2025-03-30,Absent
A00356,S124,C004,2025-03-17,Present
A00357,S022,C004,2025-02-06,Present
A00358,S088,C015,2025-02-22,Present
A00359,S090,C016,2025-01-25,Present
A00360,S179,C015,2025-03-23,Present
A00361,S012,C004,2025-01-06,Present
A00362,S166,C004,2025-06-23,Present
A00363,S190,C008,2025-05-13,Present
A00364,S041,C011,2025-05-24,Present
A00365,S119,C008,2025-04-14,Present
A00366,S048,C014,2025-04-12,Present
A00367,S158,C007,2025-04-26,Present
A00368,S100,C001,2025-06-30,Present
A00369,S072,C003,2025-05-28,Present
A00370,S138,C006,2025-04-04,Present
A00371,S118,C004,2025-03-09,Present
A00372,S126,C017,2025-06-13,Present
A00373,S100,C020,2025-04-11,Present
A00374,S090,C012,2025-04-28,Present
A00375,S173,C010,2025-06-07,Present
A00376,S173,C005,2025-03-22,Present
A00377,S079,C004,2025-02-16,Present
A00378,S037,C017,2025-04-10,Present
A00379,S036,C019,2025-04-09,Present
A00380,S125,C018,2025-06-27,Absent
A00381,S045,C018,2025-02-12,Present
A00382,S036,C006,2025-03-22,Present
A00383,S159,C002,2025-04-02,Absent
A00384,S125,C005,2025-02-19,Present
A00385,S144,C017,2025-06-17,Present
A00386,S176,C016,2025-04-17,Present
A00387,S114,C016,2025-02-12,Present
A00388,S008,C008,2025-03-16,Present
A00389,S058,C018,2025-03-15,Present
A00390,S118,C019,2025-05-07,Present
A00391,S029,C019,2025-01-30,Present
A00392,S140,C012,2025-05-19,Present
A00393,S011,C015,2025-05-20,Present
A00394,S109,C004,2025-06-17,Present
A00395,S077,C002,2025-04-26,Present
A00396,S023,C015,2025-01-31,Present
A00397,S061,C007,2025-05-31,Present
A00398,S182,C020,2025-06-11,Present
A00399,S158,C005,2025-02-22,Present
A00400,S016,C019,2025-03-31,Present
A00401,S153,C018,2025-02-13,Present
A00402,S181,C010,2025-03-16,Present
A00403,S132,C004,2025-02-04,Absent
A00404,S106,C002,2025-03-12,Absent
A00405,S033,C005,2025-03-05,Present
A00406,S083,C008,2025-06-23,Present
A00407,S037,C019,2025-06-11,Present
A00408,S107,C013,2025-04-26,Present
A00409,S197,C003,2025-04-14,Present
A00410,S072,C012,2025-04-27,Absent
A00411,S084,C019,2025-01-01,Absent
A00412,S188,C003,2025-04-28,Present
A00413,S179,C012,2025-01-17,Present
A00414,S102,C007,2025-04-20,Present
A00415,S127,C009,2025-03-24,Present
A00416,S087,C018,2025-05-28,Present
A00417,S125,C011,2025-06-24,Present
A00418,S012,C004,2025-06-10,Present
A00419,S118,C001,2025-02-01,Absent
A00420,S041,C015,2025-04-27,Present
A00421,S110,C007,2025-06-26,Absent
A00422,S167,C010,2025-02-10,Absent
A00423,S071,C003,2025-06-17,Present
A00424,S022,C012,2025-06-20,Absent
A00425,S043,C002,2025-04-12,Present
A00426,S186,C008,2025-04-20,Present
A00427,S181,C004,2025-01-01,Present
A00428,S020,C005,2025-06-01,Present
A00429,S175,C015,2025-01-03,Present
A00430,S088,C004,2025-04-19,Present
A00431,S123,C003,2025-02-28,Present
A00432,S188,C004,2025-01-27,Present
A00433,S077,C005,2025-04-08,Present
A00434,S193,C005,2025-06-14,Absent
A00435,S037,C003,2025-05-16,Present
A00436,S157,C006,2025-04-23,Present
A00437,S055,C005,2025-04-16,Present
A00438,S114,C007,2025-01-23,Absent
A00439,S036,C004,2025-05-31,Present
A00440,S090,C014,2025-03-22,Present
A00441,S064,C009,2025-06-15,Present
A00442,S142,C020,2025-06-03,Present
A00443,S073,C001,2025-06-18,Absent
A00444,S053,C017,2025-06-05,Present
A00445,S192,C013,2025-03-17,Present
A00446,S062,C016,2025-04-09,Present
A00447,S128,C020,2025-01-19,Present
A00448,S004,C012,2025-03-23,Present
A00449,S146,C014,2025-04-04,Present
A00450,S045,C016,2025-01-19,Present
A00451,S018,C001,2025-03-09,Present
A00452,S016,C013,2025-05-10,Present
A00453,S183,C017,2025-04-17,Present
A00454,S103,C003,2025-06-13,Present
A00455,S158,C005,2025-03-13,Present
A00456,S021,C017,2025-02-22,Absent
A00457,S040,C018,2025-03-25,Present
A00458,S163,C003,2025-03-21,Present
A00459,S187,C008,2025-01-15,Present
A00460,S112,C004,2025-04-27,Present
A00461,S015,C010,2025-06-20,Present
A00462,S190,C006,2025-01-31,Present
A00463,S036,C001,2025-02-11,Present
A00464,S089,C017,2025-05-13,Present
A00465,S185,C009,2025-02-12,Present
A00466,S192,C009,2025-01-31,Present
A00467,S008,C011,2025-04-20,Present
A00468,S017,C009,2025-05-28,Present
A00469,S128,C015,2025-05-11,Present
A00470,S128,C019,2025-02-12,Present
A00471,S066,C004,2025-05-27,Present
A00472,S030,C008,2025-05-11,Present
A00473,S004,C008,2025-01-12,Present
A00474,S099,C005,2025-02-15,Absent
A00475,S010,C018,2025-06-17,Present
A00476,S083,C008,2025-04-17,Absent
A00477,S082,C009,2025-01-20,Present
A00478,S031,C017,2025-06-22,Absent
A00479,S046,C008,2025-05-13,Absent
A00480,S103,C003,2025-04-30,Absent
A00481,S199,C010,2025-03-25,Present
A00482,S117,C001,2025-04-05,Present
A00483,S145,C010,2025-06-09,Present
A00484,S095,C019,2025-05-07,Absent
A00485,S199,C007,2025-05-20,Present
A00486,S063,C005,2025-01-02,Absent
A00487,S007,C008,2025-05-19,Present
A00488,S178,C001,2025-03-27,Present
A00489,S169,C013,2025-03-20,Present
A00490,S136,C008,2025-04-18,Present
A00491,S016,C005,2025-03-13,Present
A00492,S060,C017,2025-04-16,Present
A00493,S096,C015,2025-01-22,Present
A00494,S130,C005,2025-06-13,Present
A00495,S020,C019,2025-05-26,Present
A00496,S170,C005,2025-03-02,Present
A00497,S081,C013,2025-06-29,Present
A00498,S084,C011,2025-04-26,Present
A00499,S020,C007,2025-02-04,Present
A00500,S150,C004,2025-02-09,Present
A00501,S116,C015,2025-03-22,Present
A00502,S138,C012,2025-02-23,Present
A00503,S119,C009,2025-01-31,Present
A00504,S176,C010,2025-06-30,Present
A00505,S011,C007,2025-03-25,Present
A00506,S183,C008,2025-04-02,Present
A00507,S013,C010,2025-03-08,Present
A00508,S045,C001,2025-04-14,Absent
A00509,S143,C018,2025-03-05,Present
A00510,S027,C005,2025-02-01,Present
A00511,S200,C008,2025-02-03,Present
A00512,S103,C012,2025-06-25,Present
A00513,S166,C003,2025-05-30,Present
A00514,S020,C001,2025-01-17,Present
A00515,S166,C015,2025-02-02,Present
A00516,S085,C004,2025-01-11,Absent
A00517,S013,C006,2025-05-27,Present
A00518,S186,C013,2025-05-08,Present
A00519,S175,C014,2025-02-14,Present
A00520,S048,C009,2025-03-13,Present
A00521,S039,C002,2025-06-07,Present
A00522,S063,C010,2025-05-08,Present
A00523,S141,C016,2025-01-16,Present
A00524,S099,C005,2025-04-18,Present
A00525,S135,C008,2025-06-11,Absent
A00526,S140,C001,2025-04-08,Present
A00527,S092,C016,2025-05-20,Present
A00528,S089,C019,2025-05-09,Present
A00529,S070,C006,2025-01-07,Present
A00530,S057,C001,2025-03-13,Present
A00531,S121,C017,2025-04-02,Present
A00532,S060,C006,2025-01-26,Present
A00533,S062,C009,2025-05-17,Present
A00534,S189,C002,2025-02-26,Present
A00535,S100,C012,2025-02-14,Present
A00536,S152,C011,2025-06-28,Present
A00537,S152,C001,2025-06-30,Present
A00538,S146,C019,2025-02-06,Present
A00539,S049,C016,2025-05-19,Present
A00540,S126,C002,2025-01-24,Present
A00541,S155,C008,2025-01-06,Present
A00542,S001,C011,2025-06-07,Present
A00543,S034,C011,2025-02-15,Absent
A00544,S083,C002,2025-01-06,Present
A00545,S181,C005,2025-01-29,Present
A00546,S094,C003,2025-04-06,Present
A00547,S170,C013,2025-05-31,Present
A00548,S078,C011,2025-02-04,Absent
A00549,S188,C014,2025-06-13,Absent
A00550,S167,C011,2025-02-14,Present
A00551,S144,C020,2025-04-02,Present
A00552,S151,C006,2025-04-07,Present
A00553,S177,C010,2025-02-02,Present
A00554,S001,C019,2025-04-11,Absent
A00555,S198,C019,2025-01-09,Present
A00556,S082,C020,2025-02-26,Present
A00557,S027,C016,2025-02-06,Present
A00558,S020,C008,2025-03-30,Absent
A00559,S043,C003,2025-06-21,Present
A00560,S086,C015,2025-01-03,Present
A00561,S064,C003,2025-03-31,Present
A00562,S028,C001,2025-01-13,Present
A00563,S188,C014,2025-02-12,Absent
A00564,S127,C013,2025-03-31,Present
A00565,S026,C016,2025-05-28,Present
A00566,S176,C008,2025-02-11,Present
A00567,S009,C010,2025-01-06,Present
A00568,S027,C003,2025-03-29,Present
A00569,S097,C006,2025-01-20,Present
A00570,S024,C011,2025-06-02,Absent
A00571,S124,C001,2025-04-21,Absent
A00572,S043,C020,2025-04-22,Present
A00573,S026,C011,2025-02-22,Absent
A00574,S105,C018,2025-05-19,Present
A00575,S073,C010,2025-03-02,Present
A00576,S101,C019,2025-05-21,Present
A00577,S040,C002,2025-04-03,Present
A00578,S023,C010,2025-06-19,Present
A00579,S123,C007,2025-01-25,Present
A00580,S044,C010,2025-01-21,Present
A00581,S030,C010,2025-04-12,Present
A00582,S170,C009,2025-01-24,Present
A00583,S100,C006,2025-04-05,Absent
A00584,S095,C006,2025-04-25,Present
A00585,S113,C015,2025-03-09,Present
A00586,S069,C019,2025-01-16,Present
A00587,S179,C004,2025-01-22,Present
A00588,S139,C014,2025-05-31,Present
A00589,S016,C013,2025-05-14,Present
A00590,S138,C016,2025-05-27,Absent
A00591,S122,C010,2025-01-21,Present
A00592,S183,C002,2025-05-09,Present
A00593,S133,C019,2025-06-23,Absent
A00594,S038,C004,2025-04-25,Present
A00595,S043,C007,2025-02-19,Present
A00596,S109,C003,2025-06-24,Present
A00597,S161,C005,2025-06-02,Present
A00598,S187,C003,2025-01-23,Present
A00599,S102,C018,2025-03-25,Absent
A00600,S134,C015,2025-01-04,Present
A00601,S160,C019,2025-05-14,Present
A00602,S029,C014,2025-02-08,Present
A00603,S151,C019,2025-01-26,Absent
A00604,S145,C004,2025-03-15,Absent
A00605,S089,C014,2025-03-09,Present
A00606,S125,C019,2025-06-05,Present
A00607,S045,C009,2025-04-14,Present
A00608,S156,C013,2025-01-10,Present
A00609,S085,C008,2025-01-13,Present
A00610,S069,C012,2025-01-06,Present
A00611,S078,C010,2025-03-13,Present
A00612,S179,C004,2025-02-28,Present
A00613,S191,C015,2025-03-24,Present
A00614,S107,C020,2025-06-15,Present
A00615,S114,C007,2025-04-15,Present
A00616,S195,C017,2025-04-06,Present
A00617,S132,C006,2025-01-17,Present
A00618,S130,C013,2025-02-04,Present
A00619,S135,C019,2025-01-08,Present
A00620,S052,C002,2025-03-05,Present
A00621,S013,C012,2025-06-30,Present
A00622,S095,C015,2025-05-10,Present
A00623,S032,C001,2025-03-03,Present
A00624,S153,C015,2025-02-15,Absent
A00625,S122,C019,2025-05-22,Present
A00626,S042,C009,2025-06-26,Present
A00627,S008,C013,2025-01-13,Present
A00628,S147,C007,2025-02-26,Present
A00629,S174,C007,2025-03-10,Present
A00630,S132,C001,2025-06-24,Present
A00631,S034,C006,2025-06-03,Present
A00632,S058,C009,2025-06-05,Present
A00633,S079,C009,2025-04-19,Absent
A00634,S090,C015,2025-03-06,Present
A00635,S078,C017,2025-06-09,Present
A00636,S027,C001,2025-05-11,Absent
A00637,S096,C018,2025-06-15,Present
A00638,S073,C010,2025-06-25,Present
A00639,S017,C011,2025-03-12,Present
A00640,S071,C009,2025-06-17,Present
A00641,S167,C010,2025-02-18,Present
A00642,S196,C008,2025-01-15,Present
A00643,S154,C013,2025-06-19,Present
A00644,S036,C001,2025-06-17,Present
A00645,S076,C009,2025-04-18,Present
A00646,S189,C002,2025-05-30,Present
A00647,S147,C007,2025-03-29,Present
A00648,S057,C018,2025-06-13,Present
A00649,S172,C012,2025-05-10,Present
A00650,S044,C018,2025-02-16,Present
A00651,S121,C005,2025-03-08,Present
A00652,S144,C006,2025-06-24,Absent
A00653,S168,C003,2025-02-26,Present
A00654,S191,C010,2025-04-18,Present
A00655,S085,C012,2025-03-08,Present
A00656,S119,C004,2025-05-01,Present
A00657,S163,C019,2025-05-29,Absent
A00658,S019,C016,2025-02-19,Present
A00659,S175,C013,2025-05-16,Present
A00660,S014,C005,2025-02-05,Absent
A00661,S088,C014,2025-05-26,Absent
A00662,S118,C005,2025-03-22,Absent
A00663,S047,C003,2025-05-05,Present
A00664,S046,C011,2025-06-12,Present
A00665,S116,C009,2025-02-23,Present
A00666,S044,C019,2025-02-10,Present
A00667,S196,C003,2025-02-03,Present
A00668,S163,C014,2025-04-14,Present
A00669,S123,C013,2025-01-02,Present
A00670,S052,C012,2025-01-04,Absent
A00671,S194,C017,2025-02-18,Present
A00672,S002,C008,2025-02-27,Present
A00673,S089,C010,2025-02-03,Present
A00674,S129,C019,2025-03-20,Present
A00675,S012,C010,2025-03-16,Present
A00676,S134,C020,2025-05-15,Present
A00677,S176,C005,2025-03-29,Absent
A00678,S126,C012,2025-02-18,Present
A00679,S104,C001,2025-02-28,Present
A00680,S034,C007,2025-01-06,Present
A00681,S044,C004,2025-04-04,Present
A00682,S010,C013,2025-06-13,Present
A00683,S137,C020,2025-01-13,Present
A00684,S013,C004,2025-06-17,Present
A00685,S013,C004,2025-04-17,Present
A00686,S032,C018,2025-03-06,Present
A00687,S040,C007,2025-06-27,Present
A00688,S003,C010,2025-04-18,Present
A00689,S170,C017,2025-03-11,Present
A00690,S180,C005,2025-04-18,Present
A00691,S027,C017,2025-06-08,Present
A00692,S030,C004,2025-05-08,Present
A00693,S052,C009,2025-05-14,Absent
A00694,S092,C014,2025-03-17,Present
A00695,S141,C016,2025-02-23,Present
A00696,S124,C011,2025-03-02,Present
A00697,S172,C003,2025-01-29,Present
A00698,S172,C016,2025-02-08,Absent
A00699,S200,C017,2025-01-20,Present
A00700,S026,C009,2025-06-14,Present
A00701,S076,C009,2025-04-29,Present
A00702,S045,C002,2025-03-16,Present
A00703,S174,C011,2025-04-20,Present
A00704,S025,C002,2025-01-03,Absent
A00705,S170,C006,2025-03-26,Present
A00706,S113,C020,2025-03-10,Absent
A00707,S024,C012,2025-03-29,Present
A00708,S103,C013,2025-04-27,Present
A00709,S099,C016,2025-04-18,Present
A00710,S043,C004,2025-02-03,Present
A00711,S016,C006,2025-01-27,Present
A00712,S152,C016,2025-05-26,Present
A00713,S047,C020,2025-04-08,Present
A00714,S157,C001,2025-06-25,Absent
A00715,S187,C005,2025-05-04,Absent
A00716,S029,C014,2025-04-23,Present
A00717,S067,C011,2025-01-04,Present
A00718,S174,C017,2025-05-28,Present
A00719,S058,C011,2025-05-13,Present
A00720,S180,C020,2025-01-25,Present
A00721,S187,C008,2025-05-04,Present
A00722,S174,C013,2025-02-08,Present
A00723,S143,C020,2025-01-14,Present
A00724,S041,C017,2025-05-01,Absent
A00725,S043,C003,2025-05-06,Present
A00726,S085,C009,2025-01-13,Present
A00727,S141,C013,2025-04-14,Present
A00728,S021,C015,2025-04-24,Present
A00729,S115,C003,2025-05-08,Present
A00730,S031,C016,2025-06-17,Present
A00731,S104,C014,2025-01-10,Present
A00732,S001,C003,2025-06-04,Absent
A00733,S164,C010,2025-05-11,Present
A00734,S168,C015,2025-03-29,Present
A00735,S014,C008,2025-04-27,Present
A00736,S197,C020,2025-06-03,Present
A00737,S169,C012,2025-04-26,Present
A00738,S195,C008,2025-01-01,Present
A00739,S163,C010,2025-05-21,Present
A00740,S180,C004,2025-01-12,Absent
A00741,S127,C005,2025-04-15,Present
A00742,S157,C007,2025-02-18,Present
A00743,S101,C007,2025-04-28,Present
A00744,S049,C011,2025-01-28,Present
A00745,S012,C019,2025-02-01,Present
A00746,S116,C015,2025-06-18,Present
A00747,S130,C005,2025-05-08,Present
A00748,S189,C002,2025-05-22,Absent
A00749,S150,C016,2025-05-11,Present
A00750,S046,C019,2025-02-14,Present
A00751,S033,C004,2025-04-10,Present
A00752,S156,C011,2025-05-10,Absent
A00753,S108,C020,2025-06-27,Present
A00754,S071,C013,2025-03-29,Absent
A00755,S116,C005,2025-02-05,Present
A00756,S180,C017,2025-03-18,Present
A00757,S141,C011,2025-05-22,Present
A00758,S052,C007,2025-06-09,Present
A00759,S176,C012,2025-06-22,Present
A00760,S182,C006,2025-05-09,Present
A00761,S164,C011,2025-01-30,Present
A00762,S144,C016,2025-05-30,Present
A00763,S171,C014,2025-06-22,Present
A00764,S137,C010,2025-04-19,Present
A00765,S134,C004,2025-01-07,Present
A00766,S014,C002,2025-02-21,Present
A00767,S042,C010,2025-06-24,Present
A00768,S016,C010,2025-02-22,Present
A00769,S009,C012,2025-04-26,Present
A00770,S173,C018,2025-02-27,Present
A00771,S144,C013,2025-03-02,Present
A00772,S179,C010,2025-06-27,Present
A00773,S098,C013,2025-04-17,Absent
A00774,S176,C011,2025-05-22,Present
A00775,S191,C009,2025-02-21,Present
A00776,S200,C015,2025-02-27,Absent
A00777,S181,C012,2025-05-31,Present
A00778,S155,C007,2025-02-19,Present
A00779,S046,C003,2025-02-17,Absent
A00780,S189,C017,2025-01-31,Present
A00781,S110,C009,2025-05-23,Present
A00782,S042,C019,2025-03-07,Present
A00783,S120,C005,2025-01-11,Present
A00784,S083,C020,2025-01-14,Present
A00785,S161,C020,2025-06-19,Present
A00786,S147,C018,2025-04-02,Present
A00787,S182,C011,2025-05-15,Present
A00788,S048,C017,2025-01-18,Present
A00789,S041,C014,2025-05-20,Present
A00790,S024,C012,2025-02-26,Absent
A00791,S170,C011,2025-03-26,Present
A00792,S056,C020,2025-05-16,Present
A00793,S144,C001,2025-01-30,Present
A00794,S115,C008,2025-06-14,Present
A00795,S160,C008,2025-01-11,Present
A00796,S083,C013,2025-01-30,Present
A00797,S139,C010,2025-01-07,Absent
A00798,S198,C012,2025-05-12,Present
A00799,S115,C016,2025-01-12,Present
A00800,S167,C007,2025-03-24,Present
A00801,S025,C006,2025-05-18,Present
A00802,S161,C003,2025-02-23,Present
A00803,S199,C007,2025-06-25,Present
A00804,S027,C007,2025-05-18,Present
A00805,S190,C014,2025-06-15,Present
A00806,S019,C005,2025-01-07,Present
A00807,S085,C002,2025-01-23,Present
A00808,S046,C009,2025-05-23,Present
A00809,S059,C009,2025-04-15,Present
A00810,S162,C013,2025-04-21,Present
A00811,S100,C004,2025-05-17,Present
A00812,S185,C020,2025-01-17,Present
A00813,S150,C002,2025-06-29,Present
A00814,S092,C017,2025-01-28,Present
A00815,S176,C010,2025-06-05,Present
A00816,S196,C015,2025-04-08,Present
A00817,S170,C001,2025-05-02,Present
A00818,S057,C005,2025-04-11,Present
A00819,S140,C010,2025-06-12,Present
A00820,S174,C012,2025-01-03,Present
A00821,S143,C005,2025-02-01,Present
A00822,S147,C020,2025-04-11,Present
A00823,S022,C010,2025-02-23,Present
A00824,S186,C012,2025-02-24,Present
A00825,S166,C017,2025-02-06,Present
A00826,S057,C020,2025-03-06,Present
A00827,S047,C019,2025-01-14,Absent
A00828,S141,C015,2025-06-15,Present
A00829,S075,C003,2025-03-06,Present
A00830,S186,C019,2025-05-05,Absent
A00831,S092,C005,2025-06-21,Present
A00832,S026,C010,2025-06-08,Present
A00833,S050,C011,2025-05-05,Present
A00834,S158,C010,2025-06-27,Present
A00835,S145,C019,2025-04-04,Present
A00836,S110,C006,2025-01-02,Present
A00837,S057,C014,2025-03-12,Present
A00838,S035,C011,2025-05-03,Present
A00839,S092,C010,2025-05-05,Present
A00840,S045,C020,2025-01-21,Present
A00841,S036,C018,2025-02-20,Present
A00842,S161,C003,2025-01-20,Absent
A00843,S130,C001,2025-05-29,Present
A00844,S197,C019,2025-02-24,Absent
A00845,S142,C009,2025-05-20,Absent
A00846,S139,C016,2025-06-17,Present
A00847,S094,C013,2025-02-27,Absent
A00848,S151,C010,2025-02-04,Present
A00849,S131,C003,2025-04-12,Present
A00850,S003,C008,2025-06-07,Present
A00851,S194,C017,2025-02-05,Present
A00852,S046,C019,2025-05-25,Present
A00853,S038,C016,2025-04-02,Present
A00854,S195,C016,2025-03-01,Present
A00855,S095,C008,2025-01-11,Present
A00856,S133,C012,2025-04-10,Present
A00857,S117,C002,2025-01-11,Absent
A00858,S083,C004,2025-06-30,Absent
A00859,S163,C009,2025-03-09,Present
A00860,S146,C006,2025-04-07,Present
A00861,S094,C019,2025-06-17,Absent
A00862,S020,C017,2025-03-06,Present
A00863,S058,C017,2025-04-14,Present
A00864,S089,C016,2025-05-04,Absent
A00865,S002,C017,2025-02-05,Present
A00866,S059,C003,2025-05-12,Present
A00867,S055,C005,2025-02-17,Present
A00868,S155,C004,2025-06-19,Present
A00869,S085,C004,2025-05-04,Present
A00870,S123,C007,2025-06-01,Present
A00871,S106,C001,2025-03-04,Present
A00872,S147,C019,2025-02-11,Present
A00873,S132,C002,2025-05-27,Present
A00874,S043,C009,2025-02-16,Present
A00875,S104,C020,2025-05-25,Present
A00876,S185,C010,2025-01-22,Present
A00877,S156,C016,2025-05-04,Present
A00878,S106,C020,2025-02-06,Present
A00879,S197,C006,2025-06-09,Present
A00880,S068,C006,2025-06-25,Present
A00881,S117,C020,2025-06-01,Present
A00882,S097,C013,2025-02-03,Present
A00883,S052,C017,2025-05-10,Present
A00884,S039,C020,2025-01-25,Present
A00885,S158,C020,2025-01-10,Absent
A00886,S137,C017,2025-01-31,Present
A00887,S169,C005,2025-06-04,Present
A00888,S001,C014,2025-05-14,Present
A00889,S012,C017,2025-04-20,Present
A00890,S124,C013,2025-03-31,Present
A00891,S190,C019,2025-01-26,Present
A00892,S066,C016,2025-03-01,Absent
A00893,S022,C010,2025-06-03,Absent
A00894,S105,C009,2025-02-18,Present
A00895,S191,C001,2025-05-28,Present
A00896,S134,C001,2025-04-07,Present
A00897,S177,C011,2025-04-15,Present
A00898,S040,C014,2025-06-16,Present
A00899,S067,C018,2025-04-19,Present
A00900,S157,C009,2025-06-24,Present
A00901,S053,C014,2025-05-22,Present
A00902,S124,C006,2025-04-05,Present
A00903,S124,C009,2025-03-20,Present
A00904,S199,C013,2025-02-05,Absent
A00905,S169,C004,2025-02-28,Present
A00906,S180,C006,2025-01-26,Present
A00907,S103,C011,2025-05-21,Present
A00908,S176,C002,2025-02-11,Present
A00909,S163,C001,2025-01-24,Present
A00910,S121,C020,2025-04-22,Present
A00911,S068,C008,2025-04-05,Present
A00912,S010,C013,2025-04-13,Present
A00913,S134,C010,2025-06-02,Present
A00914,S199,C006,2025-06-13,Present
A00915,S003,C007,2025-06-18,Absent
A00916,S133,C010,2025-02-19,Present
A00917,S154,C017,2025-05-13,Present
A00918,S158,C006,2025-06-22,Present
A00919,S062,C001,2025-02-10,Present
A00920,S071,C013,2025-04-01,Present
A00921,S104,C019,2025-02-21,Present
A00922,S189,C003,2025-01-24,Present
A00923,S186,C018,2025-05-30,Present
A00924,S071,C008,2025-06-05,Absent
A00925,S117,C013,2025-05-28,Present
A00926,S045,C014,2025-05-10,Present
A00927,S019,C017,2025-03-17,Present
A00928,S030,C017,2025-03-07,Absent
A00929,S148,C009,2025-06-27,Present
A00930,S097,C019,2025-05-04,Present
A00931,S194,C011,2025-04-28,Present
A00932,S151,C001,2025-05-04,Present
A00933,S018,C013,2025-06-12,Present
A00934,S057,C008,2025-03-22,Present
A00935,S091,C017,2025-05-18,Present
A00936,S068,C008,2025-03-15,Present
A00937,S173,C011,2025-01-20,Present
A00938,S046,C016,2025-03-22,Present
A00939,S147,C009,2025-02-16,Absent
A00940,S175,C007,2025-05-08,Present
A00941,S061,C008,2025-03-09,Present
A00942,S052,C008,2025-06-08,Present
A00943,S200,C004,2025-01-31,Absent
A00944,S174,C016,2025-06-07,Present
A00945,S139,C002,2025-05-04,Present
A00946,S081,C016,2025-05-28,Absent
A00947,S126,C006,2025-05-11,Present
A00948,S057,C019,2025-02-02,Present
A00949,S109,C016,2025-05-19,Present
A00950,S089,C013,2025-06-25,Present
A00951,S118,C004,2025-06-28,Present
A00952,S081,C001,2025-01-04,Present
A00953,S098,C019,2025-01-26,Present
A00954,S157,C009,2025-02-17,Present
A00955,S061,C009,2025-05-01,Absent
A00956,S088,C012,2025-02-17,Present
A00957,S054,C014,2025-06-29,Present
A00958,S094,C013,2025-03-13,Present
A00959,S147,C005,2025-05-28,Present
A00960,S026,C009,2025-03-02,Present
A00961,S098,C007,2025-02-07,Present
A00962,S190,C005,2025-05-02,Present
A00963,S046,C014,2025-05-08,Present
A00964,S162,C017,2025-05-17,Present
A00965,S125,C010,2025-03-06,Present
A00966,S146,C002,2025-04-12,Present
A00967,S042,C002,2025-02-25,Present
A00968,S122,C004,2025-04-26,Present
A00969,S067,C012,2025-04-03,Present
A00970,S066,C012,2025-01-06,Present
A00971,S090,C020,2025-02-20,Present
A00972,S167,C018,2025-02-14,Absent
A00973,S073,C012,2025-03-25,Present
A00974,S125,C015,2025-01-21,Present
A00975,S074,C015,2025-06-11,Absent
A00976,S043,C011,2025-04-18,Present
A00977,S147,C013,2025-01-19,Present
A00978,S088,C008,2025-03-22,Present
A00979,S075,C009,2025-06-04,Present
A00980,S070,C015,2025-04-03,Present
A00981,S134,C015,2025-04-16,Present
A00982,S006,C005,2025-03-02,Present
A00983,S191,C003,2025-02-23,Present
A00984,S027,C004,2025-01-17,Absent
A00985,S122,C018,2025-01-14,Present
A00986,S102,C017,2025-01-22,Present
A00987,S159,C005,2025-01-22,Present
A00988,S100,C010,2025-02-28,Present
A00989,S073,C015,2025-06-10,Present
A00990,S135,C006,2025-01-08,Present
A00991,S092,C011,2025-05-02,Present
A00992,S139,C009,2025-05-21,Present
A00993,S179,C018,2025-02-15,Present
A00994,S117,C019,2025-04-22,Present
A00995,S164,C018,2025-03-21,Absent
A00996,S124,C018,2025-02-28,Present
A00997,S114,C010,2025-04-04,Present
A00998,S040,C010,2025-01-03,Present
A00999,S195,C005,2025-03-30,Present
A01000,S137,C001,2025-06-26,Absent
A01001,S194,C016,2025-03-18,Present
A01002,S111,C010,2025-06-02,Present
A01003,S002,C018,2025-04-06,Present
A01004,S144,C014,2025-04-12,Present
A01005,S184,C013,2025-04-07,Present
A01006,S021,C014,2025-06-10,Present
A01007,S196,C020,2025-06-27,Present
A01008,S073,C018,2025-03-10,Present
A01009,S018,C006,2025-02-04,Present
A01010,S164,C015,2025-06-08,Present
A01011,S180,C020,2025-05-06,Present
A01012,S005,C005,2025-01-13,Absent
A01013,S006,C006,2025-01-27,Present
A01014,S033,C015,2025-01-03,Present
A01015,S039,C001,2025-05-07,Present
A01016,S108,C010,2025-05-08,Absent
A01017,S119,C002,2025-03-26,Present
A01018,S193,C005,2025-01-15,Present
A01019,S101,C003,2025-05-20,Present
A01020,S050,C009,2025-04-08,Present
A01021,S032,C008,2025-04-09,Present
A01022,S114,C008,2025-01-09,Present
A01023,S189,C004,2025-05-14,Present
A01024,S054,C016,2025-04-10,Present
A01025,S080,C011,2025-02-10,Present
A01026,S011,C018,2025-05-14,Present
A01027,S124,C010,2025-02-20,Present
A01028,S014,C007,2025-01-29,Present
A01029,S112,C011,2025-01-04,Present
A01030,S071,C019,2025-01-31,Present
A01031,S063,C001,2025-01-11,Present
A01032,S177,C016,2025-06-26,Present
A01033,S096,C003,2025-03-05,Present
A01034,S024,C020,2025-03-28,Absent
A01035,S195,C002,2025-01-16,Present
A01036,S040,C018,2025-01-28,Present
A01037,S060,C011,2025-05-23,Present
A01038,S194,C012,2025-04-23,Present
A01039,S006,C013,2025-04-02,Present
A01040,S065,C002,2025-05-05,Present
A01041,S144,C010,2025-05-19,Present
A01042,S049,C019,2025-02-17,Present
A01043,S083,C015,2025-03-12,Absent
A01044,S154,C018,2025-02-11,Present
A01045,S040,C015,2025-03-17,Present
A01046,S139,C012,2025-04-27,Present
A01047,S164,C017,2025-04-08,Present
A01048,S005,C020,2025-04-04,Present
A01049,S062,C011,2025-01-17,Present
A01050,S138,C013,2025-02-18,Present
A01051,S128,C018,2025-02-09,Present
A01052,S083,C014,2025-06-14,Present
A01053,S025,C017,2025-06-18,Present
A01054,S034,C006,2025-01-09,Present
A01055,S125,C007,2025-01-26,Present
A01056,S165,C013,2025-06-18,Present
A01057,S160,C019,2025-03-07,Present
A01058,S057,C020,2025-01-19,Present
A01059,S054,C016,2025-01-21,Present
A01060,S164,C002,2025-04-03,Present
A01061,S107,C012,2025-01-15,Present
A01062,S069,C017,2025-01-11,Present
A01063,S078,C003,2025-02-25,Absent
A01064,S025,C004,2025-03-01,Present
A01065,S049,C007,2025-05-15,Present
A01066,S146,C006,2025-05-23,Present
A01067,S107,C004,2025-06-13,Present
A01068,S173,C015,2025-06-29,Present
A01069,S027,C006,2025-02-16,Present
A01070,S130,C011,2025-06-18,Present
A01071,S154,C015,2025-04-01,Absent
A01072,S141,C011,2025-04-06,Present
A01073,S163,C014,2025-03-24,Present
A01074,S145,C018,2025-02-24,Present
A01075,S141,C009,2025-04-03,Absent
A01076,S115,C013,2025-01-01,Present
A01077,S073,C020,2025-01-05,Present
A01078,S078,C001,2025-03-18,Absent
A01079,S055,C011,2025-01-06,Present
A01080,S177,C009,2025-05-22,Present
A01081,S147,C019,2025-02-09,Present
A01082,S118,C012,2025-02-09,Present
A01083,S094,C019,2025-03-05,Present
A01084,S077,C003,2025-05-27,Present
A01085,S056,C003,2025-03-25,Present
A01086,S045,C016,2025-06-26,Present
A01087,S025,C020,2025-06-14,Present
A01088,S188,C019,2025-04-08,Present
A01089,S015,C011,2025-03-31,Absent
A01090,S112,C014,2025-01-31,Absent
A01091,S059,C020,2025-01-03,Present
A01092,S162,C013,2025-01-14,Present
A01093,S011,C011,2025-05-19,Present
A01094,S084,C017,2025-06-28,Present
A01095,S013,C013,2025-04-25,Present
A01096,S148,C017,2025-01-24,Present
A01097,S075,C013,2025-02-07,Present
A01098,S022,C016,2025-05-27,Present
A01099,S141,C013,2025-03-09,Present
A01100,S129,C014,2025-06-28,Present
A01101,S035,C016,2025-05-24,Present
A01102,S102,C019,2025-02-20,Present
A01103,S189,C017,2025-03-05,Present
A01104,S069,C014,2025-03-24,Present
A01105,S148,C003,2025-01-29,Present
A01106,S109,C012,2025-03-31,Present
A01107,S089,C020,2025-06-17,Present
A01108,S079,C006,2025-03-31,Present
A01109,S114,C020,2025-02-07,Present
A01110,S060,C007,2025-06-25,Present
A01111,S194,C003,2025-01-29,Present
A01112,S063,C020,2025-02-07,Absent
A01113,S074,C001,2025-03-29,Present
A01114,S029,C010,2025-04-26,Present
A01115,S085,C007,2025-05-18,Present
A01116,S140,C017,2025-03-08,Present
A01117,S160,C005,2025-06-27,Present
A01118,S005,C013,2025-05-30,Absent
A01119,S135,C002,2025-03-07,Present
A01120,S073,C007,2025-06-28,Present
A01121,S014,C015,2025-06-17,Absent
A01122,S018,C013,2025-06-19,Present
A01123,S169,C012,2025-01-28,Present
A01124,S167,C013,2025-03-01,Absent
A01125,S131,C004,2025-03-22,Present
A01126,S153,C018,2025-01-23,Present
A01127,S129,C015,2025-05-24,Absent
A01128,S006,C002,2025-03-05,Absent
A01129,S079,C011,2025-05-06,Present
A01130,S041,C001,2025-03-30,Present
A01131,S091,C010,2025-03-02,Absent
A01132,S129,C009,2025-01-16,Present
A01133,S100,C001,2025-05-23,Absent
A01134,S058,C005,2025-03-29,Absent
A01135,S169,C005,2025-01-23,Present
A01136,S134,C020,2025-06-10,Present
A01137,S107,C008,2025-05-27,Present
A01138,S080,C020,2025-03-26,Present
A01139,S034,C007,2025-06-17,Present
A01140,S139,C007,2025-02-05,Present
A01141,S181,C017,2025-02-04,Present
A01142,S198,C005,2025-06-17,Absent
A01143,S041,C011,2025-01-18,Present
A01144,S185,C004,2025-02-17,Present
A01145,S038,C001,2025-03-23,Absent
A01146,S106,C014,2025-03-19,Present
A01147,S164,C009,2025-02-08,Present
A01148,S028,C005,2025-02-17,Present
A01149,S157,C020,2025-03-10,Present
A01150,S157,C008,2025-06-02,Present
A01151,S176,C001,2025-04-02,Present
A01152,S200,C016,2025-02-04,Present
A01153,S155,C016,2025-06-16,Present
A01154,S100,C016,2025-05-02,Present
A01155,S050,C008,2025-01-09,Present
A01156,S004,C009,2025-04-16,Present
A01157,S172,C007,2025-02-22,Present
A01158,S113,C020,2025-05-06,Present
A01159,S118,C008,2025-04-20,Present
A01160,S011,C020,2025-04-08,Present
A01161,S101,C020,2025-05-27,Present
A01162,S135,C002,2025-05-14,Present
A01163,S117,C002,2025-03-04,Present
A01164,S102,C002,2025-05-23,Present
A01165,S196,C002,2025-02-18,Present
A01166,S102,C010,2025-03-15,Present
A01167,S109,C010,2025-06-06,Absent
A01168,S177,C017,2025-02-06,Present
A01169,S166,C015,2025-01-24,Present
A01170,S029,C006,2025-05-30,Absent
A01171,S179,C018,2025-02-04,Present
A01172,S083,C015,2025-01-07,Present
A01173,S152,C007,2025-04-27,Present
A01174,S083,C006,2025-02-01,Present
A01175,S181,C015,2025-06-12,Present
A01176,S135,C013,2025-05-11,Present
A01177,S041,C013,2025-05-21,Present
A01178,S197,C006,2025-03-27,Present
A01179,S169,C005,2025-02-11,Absent
A01180,S046,C002,2025-04-18,Present
A01181,S187,C015,2025-03-15,Present
A01182,S031,C005,2025-02-21,Present
A01183,S196,C009,2025-01-04,Present
A01184,S128,C018,2025-01-02,Present
A01185,S127,C008,2025-02-25,Present
A01186,S122,C015,2025-04-15,Present
A01187,S154,C020,2025-01-02,Present
A01188,S141,C009,2025-06-08,Present
A01189,S054,C002,2025-02-17,Present
A01190,S168,C012,2025-01-10,Present
A01191,S009,C019,2025-06-04,Present
A01192,S023,C002,2025-01-28,Present
A01193,S046,C006,2025-06-22,Present
A01194,S170,C020,2025-05-27,Present
A01195,S046,C015,2025-05-29,Present
A01196,S010,C003,2025-03-18,Present
A01197,S098,C003,2025-04-20,Present
A01198,S017,C010,2025-05-01,Present
A01199,S178,C009,2025-03-26,Present
A01200,S135,C007,2025-06-28,Present
A01201,S015,C004,2025-05-27,Present
A01202,S162,C017,2025-01-23,Present
A01203,S177,C020,2025-06-30,Present
A01204,S156,C011,2025-03-08,Present
A01205,S160,C012,2025-02-03,Present
A01206,S128,C017,2025-06-11,Present
A01207,S047,C020,2025-03-01,Present
A01208,S050,C001,2025-01-31,Present
A01209,S161,C004,2025-02-23,Present
A01210,S107,C014,2025-01-12,Present
A01211,S144,C007,2025-01-03,Present
A01212,S177,C010,2025-03-07,Present
A01213,S079,C010,2025-05-10,Present
A01214,S197,C001,2025-01-30,Present
A01215,S088,C013,2025-05-26,Present
A01216,S008,C006,2025-02-19,Present
A01217,S087,C016,2025-05-02,Present
A01218,S166,C005,2025-05-04,Present
A01219,S118,C018,2025-03-27,Present
A01220,S106,C002,2025-05-14,Present
A01221,S186,C011,2025-05-23,Present
A01222,S054,C019,2025-06-25,Present
A01223,S091,C003,2025-02-08,Present
A01224,S008,C011,2025-04-07,Present
A01225,S043,C019,2025-06-05,Present
A01226,S153,C004,2025-03-20,Present
A01227,S081,C002,2025-03-11,Present
A01228,S128,C008,2025-04-06,Present
A01229,S078,C007,2025-05-15,Present
A01230,S029,C012,2025-01-10,Present
A01231,S024,C015,2025-05-10,Present
A01232,S124,C017,2025-02-09,Present
A01233,S124,C017,2025-03-21,Present
A01234,S037,C004,2025-05-13,Present
A01235,S034,C007,2025-01-10,Present
A01236,S183,C017,2025-01-30,Present
A01237,S012,C020,2025-01-23,Present
A01238,S012,C004,2025-05-14,Present
A01239,S191,C010,2025-01-06,Present
A01240,S080,C007,2025-03-24,Present
A01241,S074,C009,2025-05-17,Present
A01242,S113,C004,2025-03-11,Present
A01243,S071,C004,2025-01-04,Absent
A01244,S144,C017,2025-01-27,Present
A01245,S090,C018,2025-03-23,Present
A01246,S181,C010,2025-05-27,Present
A01247,S019,C010,2025-06-06,Absent
A01248,S139,C015,2025-01-13,Present
A01249,S121,C002,2025-01-28,Present
A01250,S023,C014,2025-04-11,Present
A01251,S153,C019,2025-06-11,Present
A01252,S180,C015,2025-06-07,Present
A01253,S086,C007,2025-06-21,Present
A01254,S021,C015,2025-05-26,Present
A01255,S179,C015,2025-01-25,Present
A01256,S176,C015,2025-05-01,Present
A01257,S058,C005,2025-06-07,Present
A01258,S094,C013,2025-02-16,Present
A01259,S171,C011,2025-03-25,Present
A01260,S008,C003,2025-05-02,Present
A01261,S123,C015,2025-02-13,Present
A01262,S090,C020,2025-05-28,Present
A01263,S027,C013,2025-01-28,Present
A01264,S167,C003,2025-03-19,Present
A01265,S103,C019,2025-04-16,Present
A01266,S063,C018,2025-02-10,Absent
A01267,S099,C003,2025-03-29,Present
A01268,S178,C019,2025-04-21,Present
A01269,S112,C019,2025-03-29,Present
A01270,S061,C006,2025-06-19,Present
A01271,S190,C019,2025-05-05,Present
A01272,S153,C015,2025-03-25,Present
A01273,S114,C006,2025-03-20,Absent
A01274,S018,C020,2025-01-28,Present
A01275,S153,C013,2025-03-25,Present
A01276,S170,C002,2025-01-24,Present
A01277,S036,C019,2025-06-12,Present
A01278,S194,C005,2025-06-19,Present
A01279,S137,C010,2025-04-10,Present
A01280,S115,C007,2025-02-22,Present
A01281,S082,C010,2025-05-26,Present
A01282,S174,C010,2025-04-22,Present
A01283,S089,C003,2025-05-30,Present
A01284,S131,C013,2025-02-02,Absent
A01285,S016,C012,2025-05-21,Absent
A01286,S001,C018,2025-04-02,Present
A01287,S073,C001,2025-03-02,Present
A01288,S152,C013,2025-06-10,Present
A01289,S098,C013,2025-04-08,Present
A01290,S055,C006,2025-05-02,Present
A01291,S143,C013,2025-04-03,Present
A01292,S040,C010,2025-06-21,Present
A01293,S003,C003,2025-06-15,Present
A01294,S185,C016,2025-06-18,Present
A01295,S035,C003,2025-02-05,Present
A01296,S107,C015,2025-06-28,Present
A01297,S109,C020,2025-02-16,Present
A01298,S109,C018,2025-04-26,Present
A01299,S058,C006,2025-04-19,Present
A01300,S148,C016,2025-03-02,Present
A01301,S069,C014,2025-05-20,Present
A01302,S009,C002,2025-05-26,Present
A01303,S095,C004,2025-05-29,Present
A01304,S177,C003,2025-02-06,Present
A01305,S135,C009,2025-04-30,Present
A01306,S134,C020,2025-01-23,Present
A01307,S162,C003,2025-06-25,Present
A01308,S149,C010,2025-06-06,Present
A01309,S088,C018,2025-01-03,Present
A01310,S132,C016,2025-05-27,Present
A01311,S108,C012,2025-03-17,Present
A01312,S010,C020,2025-03-19,Present
A01313,S145,C009,2025-01-16,Present
A01314,S149,C006,2025-05-27,Present
A01315,S075,C020,2025-01-07,Present
A01316,S022,C005,2025-05-10,Present
A01317,S072,C009,2025-02-03,Present
A01318,S071,C009,2025-01-04,Present
A01319,S155,C006,2025-06-01,Present
A01320,S169,C015,2025-04-05,Present
A01321,S067,C008,2025-05-05,Present
A01322,S136,C002,2025-03-29,Absent
A01323,S038,C020,2025-02-09,Present
A01324,S193,C014,2025-04-09,Present
A01325,S113,C006,2025-02-23,Present
A01326,S089,C002,2025-06-14,Present
A01327,S030,C002,2025-02-12,Present
A01328,S122,C010,2025-05-02,Present
A01329,S193,C018,2025-03-01,Present
A01330,S181,C013,2025-05-02,Present
A01331,S136,C014,2025-01-04,Present
A01332,S115,C013,2025-06-23,Present
A01333,S136,C002,2025-01-25,Absent
A01334,S164,C012,2025-04-21,Present
A01335,S167,C009,2025-03-27,Present
A01336,S026,C009,2025-06-17,Present
A01337,S119,C008,2025-06-22,Present
A01338,S050,C017,2025-03-28,Present
A01339,S047,C011,2025-05-21,Present
A01340,S003,C003,2025-01-04,Present
A01341,S135,C004,2025-06-25,Present
A01342,S057,C010,2025-03-06,Present
A01343,S007,C020,2025-01-24,Present
A01344,S153,C007,2025-06-03,Present
A01345,S182,C004,2025-01-23,Absent
A01346,S034,C013,2025-06-18,Present
A01347,S166,C019,2025-02-17,Absent
A01348,S179,C006,2025-03-06,Present
A01349,S170,C003,2025-06-13,Present
A01350,S071,C014,2025-06-27,Absent
A01351,S198,C011,2025-03-07,Present
A01352,S019,C009,2025-01-16,Present
A01353,S086,C002,2025-03-08,Absent
A01354,S068,C006,2025-04-23,Present
A01355,S052,C020,2025-04-11,Present
A01356,S126,C004,2025-02-06,Present
A01357,S111,C007,2025-06-07,Present
A01358,S114,C009,2025-01-27,Present
A01359,S019,C019,2025-03-06,Present
A01360,S005,C016,2025-02-08,Present
A01361,S001,C002,2025-06-20,Present
A01362,S039,C011,2025-04-11,Present
A01363,S132,C016,2025-05-03,Present
A01364,S187,C003,2025-05-19,Present
A01365,S099,C016,2025-02-01,Present
A01366,S092,C011,2025-06-24,Present
A01367,S015,C003,2025-04-04,Present
A01368,S088,C003,2025-04-28,Present
A01369,S075,C007,2025-02-15,Present
A01370,S099,C007,2025-03-18,Present
A01371,S028,C012,2025-05-05,Present
A01372,S162,C015,2025-02-18,Present
A01373,S050,C001,2025-06-01,Present
A01374,S100,C003,2025-05-19,Present
A01375,S128,C018,2025-04-26,Absent
A01376,S005,C002,2025-03-28,Present
A01377,S185,C002,2025-04-14,Present
A01378,S168,C017,2025-04-28,Absent
A01379,S138,C005,2025-05-29,Present
A01380,S019,C002,2025-02-06,Present
A01381,S005,C016,2025-06-08,Present
A01382,S180,C005,2025-01-04,Present
A01383,S013,C010,2025-01-25,Present
A01384,S044,C019,2025-01-17,Present
A01385,S028,C004,2025-05-08,Present
A01386,S158,C008,2025-01-17,Present
A01387,S110,C011,2025-06-23,Present
A01388,S031,C019,2025-05-20,Present
A01389,S055,C002,2025-06-01,Present
A01390,S017,C004,2025-03-12,Present
A01391,S107,C006,2025-06-28,Present
A01392,S043,C015,2025-03-04,Absent
A01393,S011,C005,2025-01-26,Present
A01394,S162,C020,2025-04-07,Present
A01395,S005,C016,2025-01-21,Present
A01396,S046,C003,2025-06-30,Present
A01397,S073,C014,2025-06-27,Present
A01398,S198,C016,2025-06-27,Present
A01399,S037,C009,2025-05-14,Present
A01400,S062,C006,2025-06-06,Present
A01401,S153,C006,2025-05-08,Present
A01402,S023,C010,2025-03-31,Present
A01403,S143,C008,2025-02-19,Present
A01404,S136,C004,2025-06-08,Present
A01405,S195,C018,2025-05-10,Present
A01406,S198,C007,2025-03-12,Present
A01407,S029,C005,2025-06-25,Present
A01408,S122,C016,2025-02-15,Present
A01409,S012,C002,2025-06-15,Present
A01410,S054,C014,2025-03-06,Present
A01411,S195,C015,2025-01-12,Present
A01412,S014,C018,2025-02-15,Present
A01413,S008,C016,2025-05-12,Present
A01414,S061,C015,2025-06-01,Present
A01415,S108,C007,2025-06-23,Absent
A01416,S059,C004,2025-03-25,Present
A01417,S061,C014,2025-02-21,Present
A01418,S057,C003,2025-05-01,Present
A01419,S014,C014,2025-02-07,Present
A01420,S157,C015,2025-02-15,Present
A01421,S035,C015,2025-02-19,Present
A01422,S070,C007,2025-03-27,Present
A01423,S178,C019,2025-01-16,Present
A01424,S029,C015,2025-04-28,Present
A01425,S195,C011,2025-02-26,Absent
A01426,S155,C006,2025-06-13,Absent
A01427,S044,C019,2025-05-22,Absent
A01428,S023,C014,2025-05-14,Present
A01429,S056,C019,2025-05-02,Present
A01430,S072,C001,2025-04-20,Present
A01431,S064,C008,2025-03-25,Present
A01432,S057,C019,2025-02-08,Absent
A01433,S002,C014,2025-01-12,Present
A01434,S121,C017,2025-01-09,Present
A01435,S101,C016,2025-06-28,Present
A01436,S116,C016,2025-03-03,Present
A01437,S193,C001,2025-06-27,Present
A01438,S056,C005,2025-04-02,Present
A01439,S166,C003,2025-01-05,Present
A01440,S079,C006,2025-06-30,Present
A01441,S147,C019,2025-01-07,Absent
A01442,S119,C005,2025-06-30,Present
A01443,S095,C015,2025-06-30,Present
A01444,S161,C003,2025-04-09,Absent
A01445,S086,C017,2025-01-09,Present
A01446,S193,C009,2025-06-28,Absent
A01447,S139,C019,2025-02-23,Present
A01448,S021,C020,2025-03-27,Present
A01449,S015,C017,2025-06-22,Present
A01450,S014,C004,2025-04-09,Present
A01451,S159,C002,2025-04-04,Present
A01452,S166,C018,2025-06-30,Present
A01453,S182,C007,2025-02-05,Absent
A01454,S062,C018,2025-01-30,Present
A01455,S189,C019,2025-06-29,Present
A01456,S191,C008,2025-03-24,Present
A01457,S069,C017,2025-06-24,Present
A01458,S014,C003,2025-04-06,Present
A01459,S125,C017,2025-05-15,Present
A01460,S121,C018,2025-06-23,Present
A01461,S075,C015,2025-06-08,Present
A01462,S173,C003,2025-02-18,Absent
A01463,S118,C003,2025-01-21,Present
A01464,S046,C010,2025-01-20,Present
A01465,S071,C004,2025-06-28,Present
A01466,S039,C007,2025-05-14,Absent
A01467,S006,C010,2025-04-17,Absent
A01468,S139,C005,2025-05-02,Present
A01469,S114,C001,2025-03-16,Present
A01470,S006,C008,2025-05-14,Present
A01471,S106,C019,2025-03-29,Present
A01472,S084,C016,2025-06-01,Present
A01473,S136,C018,2025-04-24,Present
A01474,S146,C005,2025-03-20,Present
A01475,S067,C008,2025-05-04,Present
A01476,S074,C002,2025-02-07,Present
A01477,S117,C006,2025-06-08,Absent
A01478,S183,C018,2025-03-15,Present
A01479,S045,C005,2025-02-11,Present
A01480,S011,C011,2025-05-28,Present
A01481,S067,C012,2025-02-17,Present
A01482,S182,C002,2025-06-20,Present
A01483,S089,C005,2025-04-06,Present
A01484,S042,C018,2025-03-19,Present
A01485,S007,C013,2025-05-08,Present
A01486,S118,C011,2025-02-09,Present
A01487,S190,C018,2025-05-10,Present
A01488,S181,C010,2025-05-02,Absent
A01489,S194,C019,2025-06-20,Present
A01490,S145,C015,2025-03-28,Present
A01491,S188,C016,2025-01-11,Present
A01492,S142,C004,2025-03-20,Present
A01493,S159,C008,2025-04-25,Present
A01494,S084,C002,2025-06-05,Present
A01495,S150,C017,2025-02-26,Present
A01496,S197,C009,2025-02-20,Present
A01497,S138,C015,2025-06-23,Present
A01498,S023,C017,2025-04-11,Present
A01499,S082,C020,2025-06-04,Present
A01500,S015,C012,2025-04-12,Present
A01501,S110,C012,2025-04-09,Present
A01502,S073,C012,2025-03-31,Present
A01503,S115,C018,2025-01-23,Present
A01504,S114,C014,2025-04-24,Present
A01505,S187,C014,2025-04-17,Present
A01506,S151,C020,2025-01-23,Present
A01507,S078,C016,2025-05-15,Absent
A01508,S017,C019,2025-04-07,Present
A01509,S105,C009,2025-04-17,Present
A01510,S119,C019,2025-02-05,Present
A01511,S098,C010,2025-05-22,Present
A01512,S078,C019,2025-03-19,Present
A01513,S190,C015,2025-02-27,Present
A01514,S001,C005,2025-03-09,Present
A01515,S164,C016,2025-02-01,Present
A01516,S074,C014,2025-02-15,Present
A01517,S177,C008,2025-01-08,Present
A01518,S071,C016,2025-01-18,Present
A01519,S093,C019,2025-05-04,Present
A01520,S067,C016,2025-06-27,Present
A01521,S096,C017,2025-05-28,Present
A01522,S067,C006,2025-05-29,Present
A01523,S082,C015,2025-06-27,Present
A01524,S042,C002,2025-03-11,Present
A01525,S163,C012,2025-01-13,Present
A01526,S136,C003,2025-05-12,Present
A01527,S161,C006,2025-01-25,Present
A01528,S043,C018,2025-03-24,Absent
A01529,S176,C010,2025-03-11,Present
A01530,S177,C012,2025-01-25,Present
A01531,S091,C005,2025-01-04,Present
A01532,S073,C012,2025-05-05,Present
A01533,S042,C004,2025-02-25,Present
A01534,S057,C007,2025-05-24,Present
A01535,S135,C018,2025-05-22,Present
A01536,S030,C014,2025-04-28,Absent
A01537,S030,C005,2025-01-05,Present
A01538,S080,C012,2025-02-05,Present
A01539,S153,C017,2025-03-29,Present
A01540,S078,C001,2025-01-31,Present
A01541,S178,C005,2025-06-26,Present
A01542,S033,C007,2025-02-03,Absent
A01543,S109,C004,2025-01-20,Present
A01544,S124,C014,2025-01-11,Present
A01545,S009,C017,2025-06-01,Present
A01546,S031,C009,2025-01-12,Present
A01547,S171,C001,2025-01-25,Present
A01548,S155,C007,2025-05-31,Absent
A01549,S048,C012,2025-01-08,Present
A01550,S192,C009,2025-05-29,Present
A01551,S042,C017,2025-06-06,Present
A01552,S146,C003,2025-01-26,Present
A01553,S196,C001,2025-05-16,Present
A01554,S050,C010,2025-02-13,Absent
A01555,S138,C001,2025-01-26,Absent
A01556,S130,C016,2025-04-04,Present
A01557,S048,C015,2025-06-22,Absent
A01558,S047,C012,2025-04-08,Present
A01559,S132,C008,2025-04-15,Present
A01560,S081,C004,2025-04-30,Present
A01561,S035,C016,2025-04-03,Present
A01562,S143,C002,2025-01-22,Present
A01563,S030,C013,2025-03-14,Present
A01564,S189,C010,2025-06-25,Absent
A01565,S114,C008,2025-05-22,Present
A01566,S110,C007,2025-01-18,Absent
A01567,S122,C012,2025-02-15,Present
A01568,S173,C016,2025-06-22,Present
A01569,S113,C017,2025-06-18,Present
A01570,S031,C005,2025-04-12,Present
A01571,S152,C004,2025-02-13,Present
A01572,S051,C011,2025-02-21,Present
A01573,S104,C004,2025-03-01,Present
A01574,S186,C016,2025-03-13,Present
A01575,S197,C019,2025-06-01,Present
A01576,S165,C013,2025-04-02,Present
A01577,S155,C013,2025-05-05,Present
A01578,S038,C015,2025-01-28,Present
A01579,S126,C016,2025-03-01,Present
A01580,S035,C001,2025-01-26,Present
A01581,S018,C016,2025-06-23,Present
A01582,S046,C013,2025-06-04,Present
A01583,S040,C010,2025-06-09,Present
A01584,S195,C003,2025-06-19,Present
A01585,S197,C016,2025-04-30,Present
A01586,S170,C016,2025-05-06,Present
A01587,S139,C011,2025-05-19,Present
A01588,S196,C002,2025-04-21,Absent
A01589,S031,C013,2025-04-26,Present
A01590,S097,C015,2025-04-28,Present
A01591,S046,C018,2025-06-18,Absent
A01592,S078,C006,2025-05-06,Present
A01593,S080,C013,2025-05-05,Present
A01594,S146,C016,2025-06-18,Present
A01595,S139,C019,2025-05-01,Present
A01596,S041,C017,2025-01-15,Present
A01597,S127,C019,2025-04-07,Present
A01598,S091,C010,2025-03-24,Present
A01599,S152,C002,2025-02-02,Present
A01600,S090,C019,2025-01-07,Present
A01601,S161,C011,2025-04-08,Present
A01602,S089,C012,2025-04-16,Present
A01603,S170,C008,2025-03-05,Present
A01604,S080,C019,2025-01-22,Absent
A01605,S017,C010,2025-01-30,Present
A01606,S006,C018,2025-03-25,Present
A01607,S169,C014,2025-05-26,Present
A01608,S108,C009,2025-01-06,Present
A01609,S151,C001,2025-03-23,Present
A01610,S100,C011,2025-05-27,Present
A01611,S126,C004,2025-06-26,Present
A01612,S087,C016,2025-05-09,Present
A01613,S171,C011,2025-02-12,Present
A01614,S094,C014,2025-02-21,Present
A01615,S020,C018,2025-02-24,Present
A01616,S013,C010,2025-05-27,Present
A01617,S058,C020,2025-01-24,Present
A01618,S149,C004,2025-06-01,Present
A01619,S018,C019,2025-05-16,Present
A01620,S054,C012,2025-01-20,Present
A01621,S078,C017,2025-03-18,Present
A01622,S139,C011,2025-02-21,Present
A01623,S065,C020,2025-05-12,Present
A01624,S196,C018,2025-02-16,Absent
A01625,S161,C017,2025-02-17,Present
A01626,S055,C015,2025-03-10,Absent
A01627,S137,C020,2025-04-22,Absent
A01628,S187,C002,2025-05-14,Present
A01629,S119,C005,2025-03-03,Present
A01630,S176,C010,2025-04-22,Present
A01631,S017,C007,2025-04-16,Present
A01632,S074,C006,2025-03-07,Present
A01633,S061,C013,2025-03-03,Present
A01634,S050,C001,2025-03-04,Present
A01635,S080,C015,2025-05-05,Present
A01636,S112,C014,2025-06-15,Absent
A01637,S052,C006,2025-03-11,Present
A01638,S067,C009,2025-06-18,Present
A01639,S165,C002,2025-05-05,Present
A01640,S015,C003,2025-03-22,Present
A01641,S017,C014,2025-04-04,Present
A01642,S024,C013,2025-02-05,Present
A01643,S147,C017,2025-01-31,Present
A01644,S149,C017,2025-03-06,Present
A01645,S024,C008,2025-06-03,Present
A01646,S081,C011,2025-05-30,Present
A01647,S192,C008,2025-04-19,Present
A01648,S028,C006,2025-02-24,Absent
A01649,S113,C014,2025-03-07,Absent
A01650,S015,C016,2025-05-17,Present
A01651,S029,C011,2025-05-20,Present
A01652,S175,C008,2025-03-13,Absent
A01653,S038,C012,2025-05-02,Present
A01654,S079,C001,2025-06-15,Absent
A01655,S156,C002,2025-06-19,Present
A01656,S014,C008,2025-03-06,Present
A01657,S080,C012,2025-06-25,Present
A01658,S061,C015,2025-04-10,Present
A01659,S101,C009,2025-03-19,Present
A01660,S194,C008,2025-03-18,Present
A01661,S042,C015,2025-06-11,Present
A01662,S197,C014,2025-01-09,Present
A01663,S021,C016,2025-05-01,Present
A01664,S086,C014,2025-01-26,Present
A01665,S179,C009,2025-05-10,Present
A01666,S108,C020,2025-05-21,Present
A01667,S117,C001,2025-01-14,Present
A01668,S048,C015,2025-06-14,Present
A01669,S103,C007,2025-06-10,Present
A01670,S148,C003,2025-01-29,Present
A01671,S133,C005,2025-06-02,Present
A01672,S082,C015,2025-05-03,Absent
A01673,S035,C009,2025-02-14,Present
A01674,S084,C010,2025-02-20,Present
A01675,S095,C006,2025-04-11,Absent
A01676,S147,C008,2025-01-06,Absent
A01677,S143,C020,2025-06-10,Present
A01678,S023,C015,2025-02-20,Present
A01679,S044,C002,2025-04-13,Present
A01680,S154,C009,2025-02-08,Present
A01681,S095,C006,2025-05-26,Present
A01682,S184,C017,2025-04-22,Present
A01683,S117,C016,2025-01-31,Present
A01684,S053,C007,2025-03-10,Present
A01685,S127,C013,2025-02-03,Present
A01686,S053,C020,2025-02-25,Absent
A01687,S073,C007,2025-04-18,Present
A01688,S038,C001,2025-03-16,Absent
A01689,S061,C020,2025-04-26,Absent
A01690,S095,C019,2025-06-25,Present
A01691,S022,C001,2025-05-01,Present
A01692,S083,C013,2025-06-25,Present
A01693,S099,C014,2025-06-02,Present
A01694,S025,C018,2025-01-16,Present
A01695,S061,C016,2025-04-01,Absent
A01696,S172,C020,2025-01-12,Present
A01697,S130,C020,2025-04-08,Present
A01698,S102,C012,2025-02-03,Absent
A01699,S144,C002,2025-05-29,Present
A01700,S044,C017,2025-05-07,Absent
A01701,S120,C005,2025-01-23,Present
A01702,S136,C014,2025-02-06,Present
A01703,S081,C002,2025-02-02,Present
A01704,S072,C012,2025-04-21,Present
A01705,S068,C020,2025-03-09,Present
A01706,S112,C006,2025-03-22,Present
A01707,S126,C005,2025-05-23,Absent
A01708,S169,C015,2025-01-14,Present
A01709,S014,C008,2025-02-16,Present
A01710,S067,C006,2025-06-30,Present
A01711,S030,C016,2025-01-11,Present
A01712,S182,C018,2025-05-05,Present
A01713,S029,C005,2025-02-01,Present
A01714,S053,C010,2025-02-16,Present
A01715,S192,C017,2025-03-11,Present
A01716,S170,C019,2025-02-24,Present
A01717,S002,C017,2025-05-27,Present
A01718,S020,C008,2025-05-08,Present
A01719,S085,C001,2025-03-14,Present
A01720,S175,C004,2025-04-11,Present
A01721,S028,C011,2025-02-09,Present
A01722,S118,C016,2025-04-27,Present
A01723,S069,C020,2025-06-18,Present
A01724,S012,C020,2025-04-26,Present
A01725,S188,C019,2025-02-03,Present
A01726,S013,C010,2025-03-24,Present
A01727,S191,C003,2025-05-21,Absent
A01728,S098,C003,2025-04-13,Present
A01729,S062,C013,2025-01-23,Present
A01730,S054,C006,2025-04-10,Present
A01731,S073,C005,2025-01-31,Present
A01732,S111,C010,2025-06-25,Present
A01733,S092,C004,2025-04-05,Present
A01734,S126,C015,2025-04-10,Present
A01735,S145,C020,2025-04-19,Present
A01736,S109,C012,2025-06-07,Present
A01737,S162,C014,2025-01-24,Present
A01738,S088,C015,2025-06-23,Present
A01739,S176,C005,2025-05-07,Present
A01740,S166,C017,2025-01-22,Present
A01741,S112,C003,2025-05-03,Present
A01742,S033,C010,2025-03-05,Present
A01743,S076,C019,2025-01-13,Present
A01744,S012,C017,2025-01-28,Present
A01745,S106,C004,2025-04-29,Present
A01746,S146,C009,2025-04-01,Present
A01747,S021,C017,2025-01-05,Present
A01748,S170,C015,2025-02-15,Present
A01749,S101,C002,2025-01-22,Present
A01750,S181,C010,2025-03-22,Present
A01751,S117,C015,2025-06-09,Present
A01752,S088,C006,2025-02-24,Present
A01753,S192,C020,2025-03-08,Absent
A01754,S028,C014,2025-05-17,Present
A01755,S102,C004,2025-01-04,Present
A01756,S123,C015,2025-06-27,Present
A01757,S169,C020,2025-05-05,Present
A01758,S158,C012,2025-06-26,Present
A01759,S177,C013,2025-03-19,Present
A01760,S035,C001,2025-02-18,Present
A01761,S005,C007,2025-01-07,Present
A01762,S167,C005,2025-06-16,Present
A01763,S161,C018,2025-02-18,Present
A01764,S198,C015,2025-02-07,Present
A01765,S006,C004,2025-02-12,Absent
A01766,S190,C015,2025-05-05,Present
A01767,S116,C019,2025-03-04,Present
A01768,S146,C013,2025-01-14,Present
A01769,S027,C014,2025-04-17,Present
A01770,S189,C019,2025-06-02,Present
A01771,S075,C002,2025-05-05,Present
A01772,S132,C019,2025-06-06,Absent
A01773,S125,C008,2025-01-16,Present
A01774,S109,C019,2025-03-22,Present
A01775,S069,C014,2025-05-02,Present
A01776,S160,C012,2025-04-25,Present
A01777,S006,C006,2025-03-15,Present
A01778,S121,C012,2025-04-23,Present
A01779,S057,C019,2025-06-25,Present
A01780,S155,C015,2025-02-03,Absent
A01781,S186,C013,2025-04-17,Present
A01782,S173,C012,2025-05-01,Present
A01783,S042,C020,2025-02-23,Present
A01784,S192,C003,2025-06-20,Present
A01785,S045,C007,2025-02-10,Present
A01786,S026,C014,2025-05-07,Present
A01787,S054,C018,2025-01-13,Absent
A01788,S092,C009,2025-04-02,Present
A01789,S045,C017,2025-01-09,Present
A01790,S087,C014,2025-01-30,Present
A01791,S031,C018,2025-02-27,Present
A01792,S088,C012,2025-01-12,Present
A01793,S143,C009,2025-02-08,Absent
A01794,S132,C020,2025-06-21,Present
A01795,S013,C015,2025-04-28,Absent
A01796,S194,C004,2025-01-28,Present
A01797,S157,C004,2025-05-24,Present
A01798,S027,C006,2025-06-11,Present
A01799,S053,C012,2025-02-10,Present
A01800,S182,C015,2025-05-10,Present
A01801,S026,C005,2025-06-15,Present
A01802,S036,C004,2025-02-21,Present
A01803,S107,C001,2025-03-04,Present
A01804,S122,C011,2025-03-15,Present
A01805,S022,C009,2025-04-06,Present
A01806,S107,C012,2025-06-11,Present
A01807,S039,C017,2025-04-18,Present
A01808,S036,C014,2025-04-16,Absent
A01809,S118,C017,2025-06-24,Present
A01810,S008,C015,2025-02-07,Present
A01811,S184,C017,2025-01-18,Present
A01812,S081,C013,2025-02-12,Present
A01813,S101,C002,2025-06-19,Absent
A01814,S039,C019,2025-01-15,Absent
A01815,S183,C017,2025-03-17,Present
A01816,S175,C018,2025-03-19,Present
A01817,S081,C012,2025-01-03,Present
A01818,S136,C020,2025-02-07,Present
A01819,S115,C007,2025-05-20,Present
A01820,S159,C015,2025-06-28,Present
A01821,S167,C013,2025-02-20,Absent
A01822,S022,C002,2025-05-18,Present
A01823,S186,C005,2025-05-14,Absent
A01824,S073,C007,2025-01-24,Present
A01825,S080,C017,2025-03-29,Present
A01826,S041,C001,2025-01-08,Absent
A01827,S139,C019,2025-03-08,Present
A01828,S199,C010,2025-04-19,Absent
A01829,S029,C002,2025-04-06,Present
A01830,S130,C012,2025-02-01,Present
A01831,S167,C004,2025-04-25,Present
A01832,S189,C001,2025-04-27,Present
A01833,S061,C019,2025-05-25,Present
A01834,S161,C018,2025-06-02,Present
A01835,S077,C010,2025-06-20,Present
A01836,S184,C019,2025-06-22,Present
A01837,S097,C017,2025-03-05,Present
A01838,S133,C019,2025-02-19,Present
A01839,S093,C015,2025-01-26,Present
A01840,S109,C014,2025-01-21,Present
A01841,S109,C005,2025-05-02,Present
A01842,S020,C012,2025-06-23,Present
A01843,S151,C018,2025-05-13,Present
A01844,S068,C019,2025-05-08,Present
A01845,S113,C016,2025-04-17,Present
A01846,S037,C017,2025-02-02,Present
A01847,S118,C005,2025-06-30,Present
A01848,S136,C004,2025-06-27,Present
A01849,S122,C002,2025-02-10,Absent
A01850,S095,C004,2025-06-04,Absent
A01851,S029,C004,2025-04-05,Present
A01852,S011,C017,2025-02-09,Present
A01853,S079,C012,2025-03-19,Present
A01854,S008,C005,2025-02-06,Present
A01855,S108,C002,2025-03-20,Absent
A01856,S056,C006,2025-05-06,Present
A01857,S141,C012,2025-01-18,Absent
A01858,S107,C016,2025-05-27,Present
A01859,S116,C011,2025-04-07,Present
A01860,S185,C020,2025-02-03,Present
A01861,S130,C015,2025-04-26,Present
A01862,S039,C011,2025-01-23,Present
A01863,S171,C020,2025-04-15,Present
A01864,S102,C011,2025-05-19,Present
A01865,S172,C015,2025-03-13,Present
A01866,S043,C001,2025-05-27,Present
A01867,S198,C010,2025-05-24,Present
A01868,S165,C018,2025-01-22,Present
A01869,S159,C018,2025-05-28,Present
A01870,S146,C017,2025-02-18,Present
A01871,S129,C001,2025-01-31,Present
A01872,S137,C006,2025-01-05,Present
A01873,S053,C008,2025-06-30,Present
A01874,S149,C015,2025-01-22,Present
A01875,S156,C011,2025-04-13,Present
A01876,S126,C001,2025-03-29,Present
A01877,S107,C001,2025-05-16,Present
A01878,S066,C003,2025-01-30,Absent
A01879,S139,C006,2025-03-15,Present
A01880,S066,C003,2025-02-09,Present
A01881,S105,C006,2025-01-16,Present
A01882,S084,C006,2025-01-07,Present
A01883,S077,C013,2025-01-26,Present
A01884,S106,C011,2025-03-08,Present
A01885,S031,C002,2025-02-21,Present
A01886,S153,C019,2025-03-02,Present
A01887,S193,C017,2025-04-09,Absent
A01888,S069,C002,2025-03-23,Present
A01889,S105,C003,2025-05-04,Present
A01890,S163,C008,2025-01-05,Present
A01891,S151,C004,2025-03-05,Present
A01892,S167,C005,2025-03-19,Present
A01893,S115,C003,2025-06-12,Present
A01894,S037,C012,2025-05-19,Absent
A01895,S063,C018,2025-04-19,Absent
A01896,S143,C015,2025-01-11,Present
A01897,S119,C020,2025-03-16,Present
A01898,S043,C001,2025-01-16,Absent
A01899,S124,C009,2025-06-03,Present
A01900,S175,C013,2025-03-31,Present
A01901,S055,C019,2025-05-11,Present
A01902,S042,C018,2025-05-25,Present
A01903,S023,C013,2025-06-28,Present
A01904,S036,C018,2025-03-13,Absent
A01905,S054,C020,2025-05-10,Absent
A01906,S082,C011,2025-06-12,Present
A01907,S193,C015,2025-03-11,Present
A01908,S083,C011,2025-02-23,Present
A01909,S154,C011,2025-01-05,Absent
A01910,S035,C001,2025-06-05,Present
A01911,S003,C006,2025-04-16,Present
A01912,S179,C016,2025-04-11,Present
A01913,S167,C003,2025-05-18,Present
A01914,S172,C015,2025-06-22,Present
A01915,S097,C020,2025-04-02,Present
A01916,S197,C001,2025-02-01,Present
A01917,S050,C015,2025-01-03,Present
A01918,S006,C009,2025-06-24,Absent
A01919,S092,C007,2025-01-24,Present
A01920,S161,C010,2025-02-26,Present
A01921,S127,C012,2025-01-10,Present
A01922,S181,C020,2025-02-23,Present
A01923,S164,C013,2025-01-29,Absent
A01924,S146,C017,2025-05-07,Present
A01925,S050,C019,2025-06-22,Present
A01926,S145,C006,2025-01-17,Present
A01927,S191,C003,2025-02-02,Present
A01928,S146,C008,2025-05-14,Present
A01929,S071,C007,2025-06-23,Present
A01930,S178,C018,2025-06-07,Present
A01931,S144,C015,2025-01-01,Absent
A01932,S165,C002,2025-03-24,Present
A01933,S105,C009,2025-02-01,Present
A01934,S120,C016,2025-04-03,Present
A01935,S012,C008,2025-01-13,Present
A01936,S108,C018,2025-04-25,Present
A01937,S101,C007,2025-03-27,Present
A01938,S147,C001,2025-02-27,Absent
A01939,S109,C003,2025-03-05,Present
A01940,S085,C010,2025-01-17,Present
A01941,S025,C001,2025-05-03,Present
A01942,S007,C019,2025-06-10,Absent
A01943,S065,C008,2025-01-28,Present
A01944,S088,C002,2025-03-27,Present
A01945,S061,C003,2025-06-03,Present
A01946,S196,C004,2025-06-10,Present
A01947,S032,C003,2025-01-16,Absent
A01948,S097,C011,2025-06-27,Present
A01949,S033,C002,2025-04-24,Present
A01950,S157,C014,2025-01-17,Present
A01951,S015,C018,2025-01-14,Present
A01952,S098,C013,2025-01-25,Present
A01953,S106,C008,2025-06-03,Present
A01954,S160,C001,2025-04-27,Present
A01955,S110,C020,2025-06-08,Present
A01956,S167,C001,2025-04-27,Present
A01957,S151,C007,2025-01-28,Present
A01958,S153,C003,2025-06-01,Present
A01959,S050,C019,2025-02-02,Present
A01960,S066,C012,2025-04-18,Present
A01961,S159,C015,2025-02-17,Present
A01962,S012,C002,2025-02-02,Present
A01963,S112,C017,2025-06-16,Present
A01964,S080,C019,2025-05-19,Present
A01965,S038,C016,2025-03-21,Present
A01966,S075,C012,2025-01-03,Present
A01967,S169,C005,2025-01-15,Present
A01968,S144,C002,2025-04-19,Present
A01969,S052,C007,2025-01-18,Present
A01970,S171,C016,2025-06-27,Present
A01971,S120,C020,2025-06-27,Present
A01972,S149,C019,2025-03-27,Present
A01973,S108,C011,2025-02-11,Present
A01974,S011,C016,2025-02-26,Absent
A01975,S164,C008,2025-06-27,Present
A01976,S160,C007,2025-03-03,Present
A01977,S197,C011,2025-04-07,Present
A01978,S048,C001,2025-04-03,Present
A01979,S092,C001,2025-05-23,Present
A01980,S075,C015,2025-02-19,Present
A01981,S196,C012,2025-01-12,Absent
A01982,S051,C007,2025-03-14,Present
A01983,S068,C006,2025-03-28,Present
A01984,S063,C006,2025-02-20,Present
A01985,S068,C004,2025-01-06,Present
A01986,S036,C013,2025-06-17,Present
A01987,S029,C011,2025-02-23,Present
A01988,S062,C012,2025-04-06,Present
A01989,S135,C020,2025-04-22,Absent
A01990,S017,C004,2025-02-06,Absent
A01991,S034,C007,2025-02-19,Present
A01992,S178,C012,2025-03-23,Present
A01993,S163,C008,2025-01-12,Present
A01994,S151,C007,2025-05-18,Present
A01995,S039,C011,2025-03-05,Present
A01996,S072,C005,2025-05-11,Absent
A01997,S126,C007,2025-01-21,Present
A01998,S170,C020,2025-01-17,Present
A01999,S100,C017,2025-04-06,Present
A02000,S119,C006,2025-03-24,Present
